payment_id,order_id,amount,provider,payment_installments
NULL,100006,1143.36,americanexpress,3
NULL,100013,67.25,bankcard,12
NULL,100041,1134.9,jcb,3
NULL,100048,2526.27,diners-club-enroute,12
NULL,100153,435.29,maestro,3
NULL,100160,119.1,visa-electron,3
NULL,100202,1203.84,jcb,3
NULL,100209,16.41,mastercard,3
NULL,100216,368.91,maestro,6
NULL,100223,233.2,mastercard,12
NULL,100244,951.11,jcb,3
NULL,100279,67.63,visa,12
NULL,100314,1149.02,jcb,6
NULL,100328,15.83,maestro,3
NULL,100335,461.16,maestro,3
NULL,100363,81.58,mastercard,12
NULL,100377,9459.3,jcb,1
NULL,100384,2404.31,visa,6
NULL,100405,37.18,switch,12
NULL,100419,26.77,mastercard,1
NULL,100426,65.61,china-unionpay,12
NULL,100454,987.26,china-unionpay,12
NULL,100468,145.45,china-unionpay,1
NULL,100482,72.93,visa-electron,3
NULL,100524,1925.53,mastercard,3
NULL,100531,188.38,diners-club-carte-blanche,3
NULL,100573,74.47,jcb,1
NULL,100601,258.58,visa-electron,3
NULL,100650,3295.04,china-unionpay,1
NULL,100685,590.64,maestro,3
NULL,100720,634.5,jcb,3
NULL,100748,196.57,maestro,1
NULL,100769,984.38,jcb,12
NULL,100790,3270.2,bankcard,1
NULL,100811,163.04,china-unionpay,6
NULL,100839,3258.7,diners-club-us-ca,1
NULL,100853,1202.09,jcb,6
NULL,100888,137.31,laser,12
NULL,100895,1977.22,jcb,6
NULL,100930,4986.41,diners-club-enroute,1
NULL,101007,81.72,visa,3
NULL,101042,41.95,visa,6
NULL,101049,433.66,solo,1
NULL,101077,44.92,jcb,6
NULL,101091,317.58,jcb,6
NULL,101182,207.17,visa-electron,3
NULL,101210,60.52,jcb,1
NULL,101245,1599.96,laser,6
NULL,101308,232.27,jcb,6
NULL,101336,849.85,visa,3
NULL,101343,196.35,americanexpress,6
NULL,101378,128.9,visa-electron,12
NULL,101385,61.61,jcb,6
NULL,101399,1633.38,jcb,12
NULL,101434,763.4,bankcard,6
NULL,101448,86.26,americanexpress,12
NULL,101476,159.48,switch,1
NULL,101483,28.54,china-unionpay,12
NULL,101497,75.63,solo,12
NULL,101511,2069.16,diners-club-enroute,1
NULL,101539,65.11,diners-club-carte-blanche,3
NULL,101546,3095.09,laser,1
NULL,101581,1483.95,jcb,1
NULL,101602,141.54,china-unionpay,3
NULL,101630,105.34,visa,1
NULL,101707,598.04,diners-club-carte-blanche,3
NULL,101728,25.05,mastercard,6
NULL,101749,501.9,americanexpress,1
NULL,101798,149.35,visa,12
NULL,101910,1335.85,maestro,6
NULL,101924,91.61,jcb,3
NULL,101931,3615.84,jcb,3
NULL,101938,44.03,switch,1
NULL,101966,1797.12,jcb,1
NULL,101987,3977.64,mastercard,1
NULL,102008,123.64,jcb,6
NULL,102036,808.41,jcb,6
NULL,102071,479.76,jcb,3
NULL,102085,97.17,bankcard,6
NULL,102099,171.78,mastercard,1
NULL,102162,12808.81,jcb,12
NULL,102267,15.07,switch,6
NULL,102274,3352.32,jcb,12
NULL,102281,7276.88,diners-club-carte-blanche,6
NULL,102288,781.14,bankcard,12
NULL,102337,199.44,switch,3
NULL,102407,5831.32,china-unionpay,1
NULL,102414,76.99,diners-club-carte-blanche,12
NULL,102456,452.4,bankcard,3
NULL,102491,15197.97,mastercard,12
NULL,102519,977.64,china-unionpay,3
NULL,102554,19.07,jcb,6
NULL,102582,1839.55,jcb,3
NULL,102638,41.19,visa-electron,3
NULL,102673,9144.52,maestro,12
NULL,102715,2419.48,visa-electron,12
NULL,102722,347.52,diners-club-carte-blanche,1
NULL,102750,4475.32,jcb,6
NULL,102771,286.95,jcb,6
NULL,102792,38.94,maestro,12
NULL,102834,309.41,laser,3
NULL,102869,986.67,americanexpress,12
NULL,102890,5088.05,diners-club-carte-blanche,3
NULL,102932,185.8,switch,6
NULL,102946,198.93,jcb,6
NULL,102981,2258.23,mastercard,1
NULL,102988,12708.34,jcb,6
NULL,103100,3370.08,visa,1
NULL,103156,235.95,mastercard,3
NULL,103163,33.93,jcb,1
NULL,103205,528.2,jcb,12
NULL,103226,134.46,jcb,3
NULL,103247,1006.53,diners-club-international,1
NULL,103366,529.3,visa,3
NULL,103380,54.38,jcb,12
NULL,103401,53.51,maestro,3
NULL,103471,7216.52,solo,1
NULL,103499,620.69,jcb,3
NULL,103590,258.57,mastercard,3
NULL,103646,2318.92,mastercard,1
NULL,103702,371.63,mastercard,12
NULL,103723,53,jcb,12
NULL,103730,2111.6,jcb,6
NULL,103793,300.66,jcb,12
NULL,103828,724.54,visa-electron,6
NULL,103849,680.83,jcb,3
NULL,103877,2139.66,switch,1
NULL,103891,512.19,jcb,1
NULL,103905,241.36,diners-club-us-ca,6
NULL,103940,922.24,visa-electron,12
NULL,103947,123.05,solo,6
NULL,103961,88.71,jcb,12
NULL,103996,1208.83,jcb,1
NULL,104003,563.25,switch,1
NULL,104066,604.03,jcb,1
NULL,104080,758.45,diners-club-carte-blanche,3
NULL,104129,2055.31,switch,1
NULL,104157,12167.74,americanexpress,1
NULL,104220,865.55,jcb,6
NULL,104269,2052.38,americanexpress,1
NULL,104283,2049.09,mastercard,12
NULL,104346,2544.99,mastercard,12
NULL,104381,134.61,visa-electron,3
NULL,104430,48.25,visa-electron,12
NULL,104472,360.66,jcb,6
NULL,104514,276.95,jcb,6
NULL,104626,5527.49,jcb,3
NULL,104640,4044.54,jcb,1
NULL,104647,177.93,laser,3
NULL,104738,1273.32,mastercard,1
NULL,104745,434.1,jcb,3
NULL,104773,296.43,jcb,6
NULL,104780,173.13,visa-electron,3
NULL,104794,27.6,diners-club-international,1
NULL,104801,38.94,visa-electron,12
NULL,104941,2360.4,jcb,6
NULL,104955,182.91,jcb,3
NULL,104969,736.05,jcb,6
NULL,105018,23.05,instapayment,3
NULL,105046,1035.37,jcb,1
NULL,105053,69.91,mastercard,1
NULL,105074,134.46,jcb,6
NULL,105102,136.01,china-unionpay,3
NULL,105144,108.11,jcb,1
NULL,105172,116.01,maestro,1
NULL,105214,7051.86,laser,6
NULL,105221,215.2,diners-club-carte-blanche,3
NULL,105235,1133.75,maestro,6
NULL,105284,21.6,jcb,6
NULL,105340,106.1,instapayment,1
NULL,105347,58.85,jcb,12
NULL,105389,44.02,jcb,1
NULL,105410,3197.68,jcb,1
NULL,105445,38.32,jcb,1
NULL,105480,23.09,china-unionpay,12
NULL,105494,856.96,jcb,3
NULL,105578,363.05,diners-club-enroute,1
NULL,105585,837.98,jcb,12
NULL,105599,173.35,laser,12
NULL,105627,9052.42,jcb,12
NULL,105634,52.15,jcb,6
NULL,105690,1272.96,mastercard,3
NULL,105725,351.22,jcb,3
NULL,105760,70.86,solo,1
NULL,105767,271.57,mastercard,6
NULL,105809,62.47,mastercard,1
NULL,105816,5217.79,solo,1
NULL,105851,5006.31,maestro,6
NULL,105886,35.99,jcb,3
NULL,105893,4004.73,mastercard,6
NULL,105900,159.05,visa,1
NULL,105914,6411.79,jcb,6
NULL,105970,413.49,jcb,6
NULL,105984,5649.33,switch,12
NULL,106033,364.08,jcb,1
NULL,106068,1293.42,visa,3
NULL,106131,836.61,jcb,3
NULL,106180,402.51,mastercard,6
NULL,106229,1400.11,jcb,3
NULL,106264,63.88,laser,12
NULL,106306,56.03,jcb,3
NULL,106320,3047.58,jcb,12
NULL,106334,815.43,jcb,6
NULL,106341,44.97,jcb,12
NULL,106376,645.33,visa,3
NULL,106383,212.41,diners-club-carte-blanche,6
NULL,106439,4819.61,visa-electron,3
NULL,106530,6260.97,china-unionpay,1
NULL,106537,80.29,mastercard,12
NULL,106558,1478.85,jcb,6
NULL,106565,365.1,jcb,6
NULL,106663,721.89,maestro,6
NULL,106677,93.41,mastercard,12
NULL,106719,55.84,switch,6
NULL,106803,72.07,switch,3
NULL,106810,844.93,visa-electron,12
NULL,106831,625.54,visa-electron,1
NULL,106852,141.63,jcb,12
NULL,106859,2243.28,mastercard,6
NULL,106894,381.31,jcb,1
NULL,106943,38.07,diners-club-enroute,3
NULL,106964,62.78,jcb,6
NULL,106978,88.97,bankcard,3
NULL,106992,17652.12,jcb,1
NULL,107125,518.61,jcb,3
NULL,107139,516.09,jcb,12
NULL,107153,145.14,china-unionpay,1
NULL,107167,10452.73,china-unionpay,3
NULL,107181,246.87,mastercard,6
NULL,107202,23973.45,jcb,6
NULL,107216,168.87,jcb,1
NULL,107272,995.54,laser,3
NULL,107293,29.04,diners-club-enroute,6
NULL,107328,2351.43,jcb,1
NULL,107349,539.1,mastercard,3
NULL,107440,63801.21,diners-club-enroute,1
NULL,107454,456.15,maestro,1
NULL,107461,72.7,mastercard,6
NULL,107594,17.82,jcb,12
NULL,107615,189.38,switch,6
NULL,107636,31.02,diners-club-carte-blanche,3
NULL,107699,279.27,jcb,3
NULL,107720,148.23,diners-club-carte-blanche,3
NULL,107727,130.27,mastercard,12
NULL,107748,444.14,mastercard,12
NULL,107755,932.33,visa,6
NULL,107818,6611.16,laser,12
NULL,107832,52.89,jcb,3
NULL,107909,188.9,mastercard,12
NULL,107916,62.64,diners-club-us-ca,12
NULL,107937,3605.19,jcb,3
NULL,108063,106.11,instapayment,1
NULL,108070,366.34,diners-club-enroute,3
NULL,108091,110.65,laser,6
NULL,108098,540.45,americanexpress,12
NULL,108112,632.93,jcb,6
NULL,108189,2552.5,switch,3
NULL,108245,108.36,mastercard,6
NULL,108273,355.41,diners-club-enroute,6
NULL,108434,1873.12,laser,3
NULL,108441,298.7,jcb,6
NULL,108455,342.89,switch,6
NULL,108504,6621.12,bankcard,3
NULL,108553,997.96,instapayment,3
NULL,108560,235.19,jcb,3
NULL,108567,22.23,diners-club-international,3
NULL,108574,814.1,jcb,12
NULL,108581,302.61,mastercard,6
NULL,108616,1321.26,jcb,6
NULL,108644,32.26,maestro,3
NULL,108665,515.85,jcb,3
NULL,108707,41.41,diners-club-carte-blanche,1
NULL,108777,1542.77,mastercard,12
NULL,108868,585.03,jcb,12
NULL,108882,3306.58,jcb,12
NULL,108966,5162.46,visa,3
NULL,108987,11697.9,china-unionpay,12
NULL,109036,106.74,jcb,6
NULL,109057,105.25,jcb,3
NULL,109162,805.29,americanexpress,3
NULL,109176,300.4,jcb,1
NULL,109218,135.5,jcb,6
NULL,109232,1923.16,jcb,6
NULL,109253,3451.14,jcb,1
NULL,109344,4524.31,jcb,1
NULL,109365,1328,jcb,1
NULL,109407,77.2,jcb,6
NULL,109470,2119.97,solo,1
NULL,109484,34.07,jcb,6
NULL,109491,375.89,jcb,12
NULL,109512,2649.32,jcb,6
NULL,109575,9295.94,maestro,1
NULL,109589,238.18,bankcard,3
NULL,109638,3368.16,jcb,3
NULL,109701,509.31,maestro,3
NULL,109708,1822.16,jcb,1
NULL,109736,191.84,switch,12
NULL,109757,109.78,solo,12
NULL,109778,27.79,diners-club-carte-blanche,6
NULL,109806,74.86,diners-club-enroute,3
NULL,109820,94.62,bankcard,12
NULL,109869,495.2,china-unionpay,3
NULL,109911,38.65,jcb,3
NULL,109939,37.65,bankcard,6
NULL,109946,81.7,maestro,3
NULL,109960,316.25,diners-club-international,1
NULL,110016,3812.2,jcb,6
NULL,110023,64.46,laser,3
NULL,110030,180.22,jcb,1
NULL,110044,912.34,jcb,3
NULL,110093,155.33,jcb,1
NULL,110156,1123.67,jcb,1
NULL,110163,52.49,jcb,1
NULL,110170,5224.17,visa,3
NULL,110184,2166.71,jcb,6
NULL,110254,788.76,instapayment,3
NULL,110352,108.11,americanexpress,3
NULL,110373,153.04,mastercard,6
NULL,110380,32.43,jcb,12
NULL,110408,2408.86,visa,6
NULL,110457,2568.93,diners-club-international,3
NULL,110478,43.61,jcb,3
NULL,110499,3019.44,mastercard,6
NULL,110527,145.13,americanexpress,3
NULL,110569,166.81,jcb,3
NULL,110576,14620.47,maestro,1
NULL,110604,1195.3,mastercard,3
NULL,110632,110.63,jcb,3
NULL,110639,526.14,mastercard,6
NULL,110667,639.16,maestro,3
NULL,110674,624.89,mastercard,6
NULL,110772,617.61,bankcard,12
NULL,110786,2873.95,visa-electron,1
NULL,110842,739.74,jcb,3
NULL,110849,1335.48,jcb,3
NULL,110884,519.66,switch,1
NULL,110905,3274.54,jcb,3
NULL,110926,115.92,visa-electron,3
NULL,110947,262.77,diners-club-enroute,1
NULL,110996,790.2,jcb,1
NULL,111003,1769.82,americanexpress,3
NULL,111010,47.25,jcb,1
NULL,111024,1154.24,jcb,12
NULL,111059,290.41,jcb,6
NULL,111094,427.56,jcb,1
NULL,111115,103.66,switch,1
NULL,111150,339.99,jcb,3
NULL,111164,2230.14,maestro,6
NULL,111199,470.64,jcb,3
NULL,111234,55.65,jcb,6
NULL,111290,426.66,americanexpress,1
NULL,111325,94.74,jcb,3
NULL,111332,2640.96,visa,6
NULL,111374,54.05,visa,6
NULL,111395,1306.79,jcb,6
NULL,111416,728.4,visa-electron,3
NULL,111423,4275.1,instapayment,6
NULL,111451,2200.86,jcb,6
NULL,111493,404.28,jcb,3
NULL,111500,1012.58,jcb,12
NULL,111507,22.47,jcb,3
NULL,111514,7358.87,jcb,12
NULL,111556,7002.71,maestro,6
NULL,111647,645.33,visa,6
NULL,111682,3012.94,jcb,12
NULL,111689,5061.5,jcb,6
NULL,111696,55.38,jcb,3
NULL,111703,107.19,laser,6
NULL,111745,574.13,americanexpress,6
NULL,111808,40.55,mastercard,1
NULL,111815,896.2,mastercard,12
NULL,111829,25672.51,laser,12
NULL,111913,1080.4,jcb,6
NULL,111920,179.49,switch,6
NULL,111927,44.57,laser,12
NULL,111990,91.29,jcb,3
NULL,112014,161.85,mastercard,12
NULL,112025,44.19,laser,3
NULL,112039,2408.37,visa-electron,3
NULL,112102,585.07,americanexpress,6
NULL,112109,3136.22,bankcard,1
NULL,112116,296.12,china-unionpay,1
NULL,112123,3770.52,jcb,1
NULL,112130,3442.64,jcb,1
NULL,112158,2869.24,mastercard,3
NULL,112200,97.25,diners-club-carte-blanche,3
NULL,112326,1507.55,diners-club-international,3
NULL,112333,6721.53,jcb,1
NULL,112375,314.73,maestro,12
NULL,112389,180.24,mastercard,12
NULL,112403,30.65,americanexpress,6
NULL,112452,1390.59,visa,6
NULL,112487,15.71,americanexpress,6
NULL,112508,33.91,switch,6
NULL,112515,5316.1,visa,6
NULL,112529,2921.24,jcb,3
NULL,112536,123.06,jcb,12
NULL,112564,27,jcb,12
NULL,112613,231.45,jcb,1
NULL,112697,5627.19,jcb,6
NULL,112718,14.7,mastercard,12
NULL,112725,442.32,jcb,1
NULL,112753,3648.69,mastercard,6
NULL,112809,733.1,jcb,3
NULL,112865,86.04,jcb,3
NULL,112872,770.93,laser,1
NULL,112914,1155.81,mastercard,1
NULL,112928,73.55,solo,12
NULL,112942,352.02,visa-electron,12
NULL,112956,1684.43,jcb,3
NULL,112977,463.19,jcb,3
NULL,113047,68.33,jcb,6
NULL,113061,225.99,maestro,6
NULL,113110,308.81,instapayment,1
NULL,113138,178.05,mastercard,3
NULL,113145,988.03,instapayment,1
NULL,113173,1744.24,china-unionpay,6
NULL,113243,6770.65,switch,3
NULL,113320,54.88,jcb,6
NULL,113327,811.39,jcb,6
NULL,113355,2150.2,maestro,1
NULL,113404,5823.92,jcb,12
NULL,113418,11953.73,china-unionpay,3
NULL,113474,671.22,jcb,3
NULL,113481,1410.9,americanexpress,3
NULL,113509,261.39,maestro,12
NULL,113516,367.42,diners-club-carte-blanche,3
NULL,113530,3318.29,jcb,6
NULL,113558,3198.57,jcb,1
NULL,113579,571.9,maestro,3
NULL,113621,988.96,diners-club-enroute,3
NULL,113628,3299.85,maestro,6
NULL,113649,2522.9,visa,12
NULL,113670,1135.65,diners-club-enroute,1
NULL,113747,857.07,instapayment,12
NULL,113803,57.71,jcb,1
NULL,113852,359.64,americanexpress,6
NULL,113901,639.18,visa,3
NULL,113929,386.31,jcb,1
NULL,113971,41.79,jcb,1
NULL,114055,2247.04,bankcard,12
NULL,114069,84.56,jcb,12
NULL,114104,3644.03,china-unionpay,12
NULL,114174,421.21,mastercard,6
NULL,114188,895.82,jcb,12
NULL,114258,1675.48,jcb,12
NULL,114293,911.93,switch,3
NULL,114300,758.07,mastercard,1
NULL,114433,391.86,instapayment,6
NULL,114468,296.58,mastercard,1
NULL,114489,11012.1,mastercard,6
NULL,114510,1262.93,mastercard,12
NULL,114517,127.19,visa,12
NULL,114524,216.11,switch,12
NULL,114622,37.3,jcb,6
NULL,114636,778.1,jcb,3
NULL,114643,53.01,jcb,12
NULL,114713,328.51,bankcard,6
NULL,114727,3131.71,mastercard,6
NULL,114776,105.03,visa-electron,6
NULL,114888,64.72,jcb,1
NULL,114923,390.96,diners-club-carte-blanche,1
NULL,114951,61.11,diners-club-us-ca,3
NULL,114972,4748.37,jcb,1
NULL,115091,231.41,jcb,12
NULL,115161,669.22,jcb,3
NULL,115175,1354.45,jcb,3
NULL,115259,944.46,laser,12
NULL,115336,157.15,jcb,3
NULL,115357,232.57,jcb,12
NULL,115364,436.53,switch,1
NULL,115455,2622.23,maestro,12
NULL,115476,383.94,jcb,6
NULL,115504,27.59,china-unionpay,6
NULL,115511,633.45,jcb,12
NULL,115525,1330.45,switch,12
NULL,115546,2372.84,switch,12
NULL,115588,182.69,mastercard,12
NULL,115602,15084.56,instapayment,1
NULL,115651,385.18,visa,1
NULL,115742,786.85,jcb,12
NULL,115756,2176.03,mastercard,12
NULL,115791,806.25,jcb,6
NULL,115798,1225.44,mastercard,3
NULL,115812,6217.56,jcb,1
NULL,115819,639.06,americanexpress,3
NULL,115917,69.97,jcb,6
NULL,115931,401.43,mastercard,1
NULL,115938,1806.67,jcb,3
NULL,115945,1889.31,jcb,12
NULL,115973,29.33,jcb,3
NULL,115980,47.61,jcb,12
NULL,115987,959.28,diners-club-carte-blanche,6
NULL,115994,929.65,jcb,3
NULL,116092,2708.62,americanexpress,1
NULL,116204,119.08,jcb,1
NULL,116225,1572.45,mastercard,6
NULL,116232,66.57,laser,1
NULL,116239,1337.6,china-unionpay,6
NULL,116344,390.97,mastercard,6
NULL,116358,172.02,jcb,3
NULL,116400,179.18,americanexpress,3
NULL,116407,948.95,maestro,1
NULL,116519,2824.65,jcb,6
NULL,116540,53.07,jcb,12
NULL,116547,317.13,jcb,3
NULL,116645,442.17,visa-electron,6
NULL,116687,720.09,diners-club-us-ca,6
NULL,116715,2819.66,jcb,1
NULL,116729,880.36,laser,6
NULL,116736,111.41,jcb,6
NULL,116750,88.05,jcb,1
NULL,116757,231.62,visa,6
NULL,116834,1009.95,maestro,3
NULL,116855,1625.1,visa-electron,6
NULL,116904,28453.2,mastercard,6
NULL,116932,729.11,jcb,6
NULL,116974,183.25,jcb,6
NULL,117016,83.31,mastercard,1
NULL,117023,638.25,jcb,1
NULL,117044,69.4,visa,6
NULL,117058,124.26,jcb,3
NULL,117135,704.45,instapayment,12
NULL,117163,313.02,diners-club-enroute,6
NULL,117170,147.39,laser,1
NULL,117184,76.35,mastercard,3
NULL,117212,6743.23,visa-electron,1
NULL,117240,30.12,americanexpress,6
NULL,117247,3122.06,visa,3
NULL,117261,190.49,visa,6
NULL,117282,35.99,mastercard,3
NULL,117331,87.9,jcb,3
NULL,117345,502.69,jcb,12
NULL,117394,85.61,bankcard,1
NULL,117415,5704.69,maestro,6
NULL,117429,659.05,jcb,6
NULL,117457,4241.41,jcb,6
NULL,117485,1294.05,jcb,3
NULL,117534,3204.26,jcb,1
NULL,117590,6891.43,bankcard,6
NULL,117639,9424.66,switch,3
NULL,117653,511.46,mastercard,12
NULL,117660,70.15,jcb,1
NULL,117695,88.3,mastercard,6
NULL,117702,14.69,laser,12
NULL,117709,224.73,jcb,6
NULL,117744,848.46,americanexpress,12
NULL,117800,2639.76,jcb,12
NULL,117807,315.61,diners-club-international,12
NULL,117828,641.3,mastercard,1
NULL,117849,347.68,laser,12
NULL,117863,59.53,switch,6
NULL,117870,462.58,jcb,3
NULL,117926,81.88,visa,1
NULL,117933,165.06,jcb,6
NULL,117947,85.75,visa,1
NULL,117961,734.25,mastercard,3
NULL,118038,223.17,mastercard,3
NULL,118052,133.37,jcb,12
NULL,118087,2087.26,mastercard,6
NULL,118227,81.57,mastercard,3
NULL,118255,143.32,mastercard,12
NULL,118339,1292.34,visa-electron,12
NULL,118360,309.96,visa-electron,6
NULL,118367,117.96,mastercard,12
NULL,118402,1076.6,americanexpress,6
NULL,118423,806.01,jcb,12
NULL,118437,72.26,diners-club-carte-blanche,12
NULL,118486,1125.5,switch,12
NULL,118521,118.21,jcb,6
NULL,118542,229.79,jcb,12
NULL,118570,1266.51,jcb,6
NULL,118626,3184.37,visa-electron,1
NULL,118640,291.19,laser,3
NULL,118731,336.88,jcb,12
NULL,118773,1466.95,jcb,12
NULL,118780,145.55,jcb,6
NULL,118857,1217.85,maestro,3
NULL,118871,1339.77,visa,12
NULL,118885,2868.28,laser,12
NULL,118913,197.94,solo,6
NULL,118948,38.94,visa,12
NULL,118955,1909.29,laser,12
NULL,118962,1970.56,jcb,3
NULL,118969,329.94,jcb,12
NULL,118976,3322.28,switch,6
NULL,118983,36.57,jcb,1
NULL,119025,2412,jcb,1
NULL,119032,23.35,jcb,12
NULL,119039,89.28,jcb,3
NULL,119137,9270.96,americanexpress,6
NULL,119151,5147.05,jcb,12
NULL,119165,3147.5,jcb,1
NULL,119186,1895.75,jcb,3
NULL,119193,26.39,instapayment,1
NULL,119214,147.79,mastercard,6
NULL,119291,1777.75,jcb,3
NULL,119305,930.55,visa,3
NULL,119312,1539.8,diners-club-enroute,1
NULL,119375,14370.36,mastercard,6
NULL,119438,577.5,jcb,12
NULL,119452,6029.01,china-unionpay,1
NULL,119564,89.13,maestro,6
NULL,119578,233.38,visa,1
NULL,119592,25.02,bankcard,3
NULL,119669,36.66,diners-club-carte-blanche,12
NULL,119683,80.86,laser,6
NULL,119746,965.45,jcb,3
NULL,119823,398.9,americanexpress,3
NULL,119907,182.65,americanexpress,3
NULL,119935,352.41,jcb,1
NULL,119963,1760.61,maestro,3
NULL,120005,165.62,jcb,6
NULL,120089,1767.34,instapayment,3
NULL,120103,628.84,bankcard,3
NULL,120243,59.2,china-unionpay,12
NULL,120250,96.39,mastercard,6
NULL,120257,29.13,americanexpress,1
NULL,120278,226.73,bankcard,3
NULL,120327,167.41,mastercard,3
NULL,120341,792.54,jcb,1
NULL,120355,191.61,switch,6
NULL,120362,2519.5,jcb,12
NULL,120376,2547.17,diners-club-carte-blanche,12
NULL,120390,9445.65,jcb,12
NULL,120418,661.56,jcb,12
NULL,120439,252.03,americanexpress,1
NULL,120460,140.58,jcb,6
NULL,120474,9231.98,jcb,1
NULL,120516,28.38,laser,3
NULL,120530,3083.58,mastercard,12
NULL,120544,472.8,switch,3
NULL,120572,75.71,instapayment,6
NULL,120705,457.13,visa-electron,3
NULL,120761,202.53,maestro,12
NULL,120768,9861.18,mastercard,1
NULL,120810,285.21,jcb,1
NULL,120838,2380.96,solo,3
NULL,120859,112.48,jcb,3
NULL,120873,604.06,jcb,3
NULL,120880,1966.26,jcb,3
NULL,120887,301.23,jcb,6
NULL,120929,633.46,jcb,3
NULL,121034,127.03,jcb,6
NULL,121041,30.37,jcb,12
NULL,121097,35.37,bankcard,3
NULL,121167,33.42,mastercard,3
NULL,121223,5254.84,mastercard,12
NULL,121251,432.14,americanexpress,1
NULL,121300,1998.99,switch,12
NULL,121314,1340.61,laser,6
NULL,121370,1580.89,mastercard,1
NULL,121412,124.32,jcb,1
NULL,121419,2400.78,diners-club-carte-blanche,3
NULL,121468,141.38,maestro,1
NULL,121503,3686.79,jcb,12
NULL,121573,3361.75,jcb,12
NULL,121601,270.97,mastercard,3
NULL,121608,190.33,jcb,1
NULL,121615,285,jcb,1
NULL,121650,1721.44,diners-club-international,1
NULL,121664,853.85,jcb,1
NULL,121671,1646.07,jcb,6
NULL,121720,11773.96,jcb,3
NULL,121727,40.27,bankcard,3
NULL,121755,400.93,jcb,3
NULL,121797,7802.99,americanexpress,1
NULL,121818,241.49,diners-club-enroute,12
NULL,121888,3541.75,jcb,1
NULL,121909,265.26,mastercard,1
NULL,121958,287.49,switch,6
NULL,121965,551.62,jcb,3
NULL,121993,108.06,china-unionpay,3
NULL,122021,988.74,switch,3
NULL,122035,1725.43,jcb,12
NULL,122105,503.37,jcb,3
NULL,122133,1556.61,solo,12
NULL,122140,798.82,americanexpress,6
NULL,122154,1127.13,jcb,12
NULL,122182,136.92,mastercard,6
NULL,122210,420.98,mastercard,6
NULL,122245,1267.56,visa,6
NULL,122259,272.37,jcb,1
NULL,122280,118.3,switch,1
NULL,122287,384.29,jcb,12
NULL,122322,164.85,maestro,3
NULL,122336,326.4,maestro,6
NULL,122371,487.02,visa-electron,6
NULL,122392,69.93,jcb,1
NULL,122406,1218.31,jcb,6
NULL,122490,2495.12,visa-electron,6
NULL,122504,3627.21,mastercard,12
NULL,122518,83.44,jcb,12
NULL,122567,78.25,mastercard,1
NULL,122595,11.48,diners-club-carte-blanche,6
NULL,122623,136.15,americanexpress,3
NULL,122637,374.58,mastercard,1
NULL,122644,99.19,bankcard,1
NULL,122693,4123.71,visa,3
NULL,122700,1002.81,visa-electron,12
NULL,122707,2246.4,mastercard,3
NULL,122714,28359.3,jcb,3
NULL,122728,562.11,americanexpress,3
NULL,122735,224.94,jcb,3
NULL,122756,1938.81,china-unionpay,6
NULL,122784,6848.48,jcb,6
NULL,122826,818.68,jcb,3
NULL,122882,2175.22,jcb,3
NULL,122910,345.41,jcb,1
NULL,122931,928.39,maestro,12
NULL,122959,1444.64,jcb,3
NULL,122994,1167.78,laser,6
NULL,123001,1078.32,maestro,3
NULL,123064,40.46,jcb,6
NULL,123127,68.17,mastercard,6
NULL,123134,334.26,maestro,12
NULL,123155,467.9,visa,6
NULL,123218,1843.93,maestro,3
NULL,123232,1292.28,instapayment,6
NULL,123246,49.64,jcb,3
NULL,123253,16.63,americanexpress,12
NULL,123260,763.77,jcb,3
NULL,123274,95.39,jcb,12
NULL,123295,1020.54,bankcard,1
NULL,123323,748.3,jcb,6
NULL,123344,772.49,mastercard,6
NULL,123351,176.84,mastercard,3
NULL,123372,8631.98,jcb,1
NULL,123456,1030.71,mastercard,1
NULL,123463,56.86,switch,6
NULL,123470,507.24,visa-electron,6
NULL,123491,7623.19,visa-electron,3
NULL,123498,473.64,diners-club-enroute,3
NULL,123505,69.21,jcb,12
NULL,123568,747.24,mastercard,6
NULL,123617,107.31,laser,6
NULL,123638,805.29,jcb,1
NULL,123659,146.66,mastercard,3
NULL,123666,1128.65,mastercard,12
NULL,123701,141.62,jcb,3
NULL,123750,4305.61,maestro,6
NULL,123778,344.23,china-unionpay,6
NULL,123806,687.6,jcb,12
NULL,123925,252.7,jcb,3
NULL,123960,593.48,americanexpress,1
NULL,123967,14461.68,jcb,12
NULL,123981,159.02,jcb,6
NULL,124023,42.78,laser,12
NULL,124044,54.43,instapayment,12
NULL,124051,1096.98,jcb,1
NULL,124058,582.26,visa-electron,3
NULL,124086,774.97,jcb,3
NULL,124149,676.47,mastercard,3
NULL,124303,94.45,laser,6
NULL,124352,3589.6,jcb,12
NULL,124401,1424.47,jcb,6
NULL,124429,2973.5,jcb,12
NULL,124450,14851.4,jcb,1
NULL,124485,435.6,visa,1
NULL,124506,265.33,jcb,12
NULL,124541,215.46,jcb,12
NULL,124576,223.98,diners-club-enroute,12
NULL,124653,569.91,americanexpress,1
NULL,124667,297.4,mastercard,1
NULL,124674,409.47,china-unionpay,3
NULL,124681,59.14,mastercard,3
NULL,124688,4609.05,mastercard,12
NULL,124709,881.1,americanexpress,6
NULL,124772,594.96,laser,1
NULL,124793,851.72,bankcard,6
NULL,124800,5000.78,mastercard,12
NULL,124814,179.1,jcb,12
NULL,124821,2190.88,jcb,12
NULL,124828,80.88,maestro,6
NULL,124891,16778.07,mastercard,6
NULL,124919,441.58,jcb,6
NULL,124926,170.86,americanexpress,1
NULL,124975,3762.68,visa-electron,1
NULL,125115,73.74,maestro,3
NULL,125136,801.53,diners-club-international,6
NULL,125164,260.28,mastercard,6
NULL,125171,96.5,bankcard,3
NULL,125178,64.47,diners-club-enroute,12
NULL,125199,2241.02,visa,1
NULL,125206,286.56,jcb,3
NULL,125234,880.86,maestro,6
NULL,125290,120.59,jcb,3
NULL,125318,1158.21,mastercard,1
NULL,125374,352.01,mastercard,1
NULL,125388,366.49,jcb,12
NULL,125423,60.86,jcb,3
NULL,125514,222.78,china-unionpay,1
NULL,125521,4132.13,jcb,6
NULL,125556,3928.44,instapayment,1
NULL,125612,853.51,instapayment,12
NULL,125717,2708.93,maestro,12
NULL,125738,357.76,switch,1
NULL,125815,51.52,mastercard,1
NULL,125829,7548.12,mastercard,1
NULL,125878,14.22,mastercard,1
NULL,125969,656.5,laser,3
NULL,126004,1567.09,jcb,3
NULL,126032,311.76,jcb,6
NULL,126046,49.08,diners-club-us-ca,3
NULL,126067,366.48,jcb,6
NULL,126074,1393.96,jcb,1
NULL,126158,1706.45,mastercard,3
NULL,126179,1082.13,mastercard,6
NULL,126214,8782.36,diners-club-enroute,6
NULL,126221,528.51,jcb,3
NULL,126235,58.78,jcb,1
NULL,126242,37.5,china-unionpay,12
NULL,126354,336.29,jcb,1
NULL,126361,2917.21,instapayment,3
NULL,126403,7447.54,switch,3
NULL,126438,40.32,switch,12
NULL,126445,1188.75,mastercard,1
NULL,126529,66.96,americanexpress,12
NULL,126536,405.75,visa,3
NULL,126557,5877.47,visa,1
NULL,126571,996.11,jcb,1
NULL,126613,72.93,bankcard,1
NULL,126662,1329.39,jcb,6
NULL,126697,5754.19,bankcard,3
NULL,126760,4092.12,diners-club-us-ca,6
NULL,126774,23.73,switch,6
NULL,126809,109.98,mastercard,3
NULL,126844,242.09,jcb,6
NULL,126907,50.64,maestro,3
NULL,126956,168.33,jcb,6
NULL,127012,252.31,maestro,1
NULL,127026,1103.31,bankcard,12
NULL,127040,15175.05,jcb,1
NULL,127110,141.63,jcb,6
NULL,127131,2003.89,jcb,3
NULL,127159,143.54,mastercard,6
NULL,127180,58266.51,diners-club-enroute,3
NULL,127187,286.73,diners-club-enroute,1
NULL,127208,445.16,jcb,1
NULL,127264,49.14,jcb,12
NULL,127285,293.66,solo,3
NULL,127299,8243.58,jcb,1
NULL,127306,668.52,jcb,3
NULL,127341,145.89,laser,3
NULL,127369,2790.95,americanexpress,3
NULL,127383,133.37,americanexpress,3
NULL,127418,134.85,diners-club-carte-blanche,6
NULL,127432,15199.19,americanexpress,6
NULL,127446,5385.19,china-unionpay,3
NULL,127453,1973.05,visa-electron,12
NULL,127460,1680.81,jcb,3
NULL,127488,27.36,bankcard,6
NULL,127509,4926.11,instapayment,1
NULL,127523,165.06,jcb,3
NULL,127586,1249.93,diners-club-enroute,6
NULL,127593,217.84,jcb,6
NULL,127607,201.17,jcb,1
NULL,127642,243.42,americanexpress,1
NULL,127691,474.37,maestro,6
NULL,127705,104.29,jcb,3
NULL,127775,732.31,jcb,1
NULL,127964,483.69,mastercard,3
NULL,127971,1517.61,jcb,1
NULL,128055,1347.13,china-unionpay,1
NULL,128083,173.53,mastercard,1
NULL,128090,9696,jcb,6
NULL,128111,111.03,mastercard,1
NULL,128139,165.6,bankcard,12
NULL,128146,6236.82,americanexpress,6
NULL,128160,133.42,bankcard,1
NULL,128195,69.75,jcb,3
NULL,128258,44.45,diners-club-enroute,1
NULL,128300,1230.02,diners-club-enroute,3
NULL,128370,1079.03,jcb,6
NULL,128412,1340.75,jcb,3
NULL,128426,54.65,jcb,1
NULL,128475,210.99,jcb,1
NULL,128517,692.88,jcb,1
NULL,128531,865.64,visa-electron,1
NULL,128629,144.28,visa,3
NULL,128685,32.28,diners-club-enroute,12
NULL,128755,2272.07,switch,3
NULL,128818,15068.19,jcb,3
NULL,128839,429.39,visa-electron,12
NULL,128846,3027.91,diners-club-enroute,12
NULL,128923,75.81,mastercard,6
NULL,128986,551.14,jcb,1
NULL,129021,27355.23,jcb,6
NULL,129042,31.35,switch,3
NULL,129091,3296.29,americanexpress,1
NULL,129098,99.91,diners-club-international,12
NULL,129112,198.8,maestro,1
NULL,129168,75.54,jcb,1
NULL,129196,278.49,jcb,6
NULL,129357,3061.24,jcb,6
NULL,129364,654.15,jcb,3
NULL,129378,674.83,visa-electron,1
NULL,129441,177.24,maestro,1
NULL,129462,2279.26,diners-club-enroute,6
NULL,129469,3620.73,jcb,3
NULL,129490,1895.57,mastercard,6
NULL,129567,37.48,china-unionpay,6
NULL,129574,152.6,maestro,6
NULL,129609,97.76,jcb,6
NULL,129686,728.64,visa-electron,1
NULL,129693,22.61,diners-club-enroute,3
NULL,129714,9480.59,jcb,1
NULL,129770,169.56,bankcard,1
NULL,129833,184.25,jcb,12
NULL,129854,59.01,jcb,12
NULL,129868,5509.31,china-unionpay,1
NULL,129896,1751.13,maestro,3
NULL,129924,1974.9,mastercard,3
NULL,130001,217.8,diners-club-enroute,1
NULL,130022,238.05,laser,12
NULL,130029,52.54,jcb,1
NULL,130092,54.94,maestro,1
NULL,130141,2343.4,jcb,1
NULL,130162,1590,jcb,12
NULL,130204,180.87,americanexpress,1
NULL,130211,2310.17,jcb,6
NULL,130218,252.74,diners-club-carte-blanche,12
NULL,130309,2227.77,diners-club-enroute,6
NULL,130351,471.68,diners-club-us-ca,12
NULL,130358,208.99,mastercard,6
NULL,130379,68.09,jcb,3
NULL,130386,4676.94,jcb,1
NULL,130407,205.17,americanexpress,1
NULL,130477,233.79,americanexpress,3
NULL,130484,139.45,diners-club-carte-blanche,1
NULL,130519,153.84,visa,6
NULL,130526,361.9,jcb,1
NULL,130624,179.07,maestro,3
NULL,130680,396.61,jcb,12
NULL,130729,120.81,bankcard,3
NULL,130736,27.42,jcb,6
NULL,130764,2138.31,mastercard,12
NULL,130771,274.07,jcb,6
NULL,130785,2447.1,americanexpress,1
NULL,130792,413.2,jcb,6
NULL,130799,33.96,instapayment,1
NULL,130841,5766.97,jcb,1
NULL,130883,1379.51,visa-electron,1
NULL,130890,4521.9,americanexpress,1
NULL,130946,9445.65,bankcard,12
NULL,130967,318.93,jcb,6
NULL,130995,18.55,jcb,3
NULL,131002,627.18,jcb,3
NULL,131016,156.68,china-unionpay,6
NULL,131051,188.7,bankcard,1
NULL,131065,2627.22,bankcard,6
NULL,131114,146.4,jcb,3
NULL,131128,122.82,visa-electron,3
NULL,131149,3041.62,jcb,1
NULL,131212,53.73,jcb,1
NULL,131233,48.96,mastercard,12
NULL,131289,9906.93,mastercard,1
NULL,131310,545.97,china-unionpay,6
NULL,131338,10929.45,instapayment,3
NULL,131359,1034.3,visa,6
NULL,131366,519.37,americanexpress,1
NULL,131422,906.45,mastercard,6
NULL,131450,3077.98,jcb,1
NULL,131492,277.62,jcb,6
NULL,131499,455.21,visa-electron,6
NULL,131534,176.45,jcb,3
NULL,131576,91.83,visa,3
NULL,131583,262.16,jcb,12
NULL,131597,894.15,mastercard,12
NULL,131611,5447.76,mastercard,1
NULL,131618,267.54,instapayment,12
NULL,131625,663.5,visa-electron,6
NULL,131695,1255.48,jcb,3
NULL,131737,2682.9,switch,12
NULL,131758,237.71,laser,3
NULL,131779,125.05,jcb,12
NULL,131828,4025.44,maestro,12
NULL,131835,2819.91,china-unionpay,12
NULL,131849,112.05,jcb,12
NULL,131884,2143.39,americanexpress,3
NULL,131891,25.02,americanexpress,1
NULL,131905,617.45,china-unionpay,6
NULL,131926,7888.55,switch,3
NULL,131954,937.67,maestro,12
NULL,131968,2023.04,jcb,6
NULL,132059,1592.13,jcb,12
NULL,132094,147.39,jcb,3
NULL,132101,2674.2,jcb,12
NULL,132122,677.1,jcb,1
NULL,132143,260.3,jcb,3
NULL,132178,3754.58,jcb,3
NULL,132185,314.7,bankcard,1
NULL,132206,72.73,diners-club-carte-blanche,6
NULL,132227,173.77,jcb,12
NULL,132234,4397.9,diners-club-enroute,12
NULL,132297,2448.64,switch,12
NULL,132339,1354.48,jcb,1
NULL,132346,309.33,mastercard,12
NULL,132353,1558.38,americanexpress,6
NULL,132409,14.26,visa,12
NULL,132423,309.29,switch,1
NULL,132430,426.74,diners-club-enroute,1
NULL,132444,470.52,switch,12
NULL,132486,5648.3,maestro,12
NULL,132500,109.41,switch,12
NULL,132507,448.8,mastercard,6
NULL,132521,133.85,jcb,1
NULL,132570,249.36,mastercard,12
NULL,132612,4566.88,diners-club-enroute,3
NULL,132626,4814.56,jcb,6
NULL,132647,675.25,jcb,1
NULL,132661,1906.45,jcb,6
NULL,132682,97.54,visa,3
NULL,132731,4447.89,switch,12
NULL,132857,35.58,jcb,12
NULL,132906,161.93,americanexpress,6
NULL,132934,108.84,china-unionpay,3
NULL,132962,58.38,visa-electron,3
NULL,132976,405.04,mastercard,6
NULL,133025,154.95,maestro,1
NULL,133123,351.27,laser,12
NULL,133130,1745.7,visa,3
NULL,133144,48.46,jcb,12
NULL,133200,3073.17,visa-electron,3
NULL,133228,259.71,jcb,6
NULL,133235,1345.3,diners-club-carte-blanche,3
NULL,133249,505.8,jcb,6
NULL,133256,2213.54,jcb,3
NULL,133270,79.34,jcb,6
NULL,133340,171.91,jcb,3
NULL,133452,5317.44,bankcard,3
NULL,133501,24.35,jcb,1
NULL,133508,164.35,jcb,1
NULL,133550,1936.96,mastercard,3
NULL,133641,243.09,jcb,6
NULL,133648,368.38,instapayment,1
NULL,133690,29.9,china-unionpay,1
NULL,133704,266.04,jcb,1
NULL,133711,24977.38,solo,1
NULL,133753,439.11,mastercard,6
NULL,133781,174.63,china-unionpay,12
NULL,133809,71.44,mastercard,1
NULL,133823,463.09,jcb,12
NULL,133851,104.47,jcb,1
NULL,133865,11349.27,mastercard,1
NULL,133879,2384.2,laser,1
NULL,134026,5764.84,diners-club-enroute,3
NULL,134061,33.89,instapayment,6
NULL,134173,73.37,jcb,12
NULL,134208,1593.45,switch,3
NULL,134222,267.44,bankcard,6
NULL,134278,1909.47,mastercard,12
NULL,134285,75.42,switch,12
NULL,134313,8150.41,jcb,6
NULL,134348,120.78,jcb,12
NULL,134376,214.23,china-unionpay,1
NULL,134404,76.66,mastercard,3
NULL,134425,587.15,jcb,3
NULL,134474,22.9,visa-electron,12
NULL,134481,10641.05,maestro,12
NULL,134488,734.51,mastercard,1
NULL,134551,3233.77,americanexpress,1
NULL,134565,2699.99,jcb,1
NULL,134607,86.34,mastercard,3
NULL,134614,3913.29,diners-club-carte-blanche,6
NULL,134649,94.81,mastercard,6
NULL,134677,36.72,jcb,3
NULL,134691,25.05,jcb,6
NULL,134712,54.89,jcb,1
NULL,134733,1750.8,china-unionpay,1
NULL,134747,1227.64,jcb,6
NULL,134761,117.24,diners-club-international,1
NULL,134775,524.81,mastercard,3
NULL,134782,220.29,solo,6
NULL,134803,2543.65,china-unionpay,12
NULL,134838,242.85,americanexpress,3
NULL,134845,449.36,jcb,12
NULL,134859,171.81,laser,3
NULL,134894,1682.33,mastercard,6
NULL,134908,405.93,jcb,3
NULL,134915,4636.76,visa-electron,6
NULL,134971,186.85,jcb,1
NULL,135020,2154.06,jcb,1
NULL,135034,273.84,jcb,12
NULL,135062,1469.94,visa,6
NULL,135090,238.14,visa,3
NULL,135265,10560.97,jcb,6
NULL,135272,233.21,instapayment,1
NULL,135279,1041.7,visa-electron,1
NULL,135307,1029.9,diners-club-carte-blanche,3
NULL,135363,64.64,jcb,12
NULL,135391,402.72,visa,3
NULL,135405,159.21,instapayment,1
NULL,135538,3860.45,jcb,3
NULL,135545,1000.51,diners-club-us-ca,12
NULL,135608,1748.65,bankcard,6
NULL,135622,10894.82,jcb,12
NULL,135685,9207.54,jcb,3
NULL,135692,123.69,jcb,6
NULL,135699,317.62,jcb,1
NULL,135755,77.25,jcb,6
NULL,135776,5801.19,instapayment,1
NULL,135783,56.06,americanexpress,3
NULL,135860,1070.99,jcb,12
NULL,135923,339.25,jcb,1
NULL,135972,6243.85,jcb,12
NULL,136063,64.19,switch,1
NULL,136189,503.73,switch,6
NULL,136231,1590.57,jcb,12
NULL,136280,17.63,visa-electron,3
NULL,136287,68.04,jcb,3
NULL,136308,6984.41,switch,6
NULL,136329,483.25,maestro,3
NULL,136350,511.48,switch,3
NULL,136364,851.47,laser,12
NULL,136371,103.06,mastercard,6
NULL,136378,124.8,maestro,1
NULL,136399,5563.45,jcb,12
NULL,136406,3049.98,jcb,3
NULL,136448,3531.57,instapayment,12
NULL,136476,719.52,visa-electron,6
NULL,136483,30.31,bankcard,3
NULL,136539,326.85,visa-electron,3
NULL,136567,702.23,mastercard,6
NULL,136644,2471.21,mastercard,6
NULL,136672,201.84,jcb,3
NULL,136707,75.54,jcb,1
NULL,136742,423.63,mastercard,3
NULL,136812,4481.13,diners-club-us-ca,6
NULL,136826,40.98,jcb,12
NULL,136875,663.62,jcb,6
NULL,137008,895.82,diners-club-us-ca,12
NULL,137022,4065.85,visa,3
NULL,137043,3162.58,americanexpress,3
NULL,137050,3340.35,laser,3
NULL,137085,814.23,jcb,12
NULL,137099,791.64,visa,3
NULL,137204,241.53,diners-club-enroute,12
NULL,137239,29.91,jcb,1
NULL,137330,353.15,jcb,12
NULL,137344,182.96,jcb,6
NULL,137351,164.36,bankcard,1
NULL,137428,539.83,jcb,1
NULL,137512,73.21,china-unionpay,6
NULL,137526,4656.71,visa-electron,6
NULL,137589,1608.18,jcb,1
NULL,137596,8194.91,jcb,6
NULL,137673,427.05,jcb,3
NULL,137708,438.11,jcb,3
NULL,137729,894.14,jcb,1
NULL,137736,238.28,switch,6
NULL,137750,951.75,jcb,3
NULL,137848,480.41,mastercard,6
NULL,137897,325.1,mastercard,1
NULL,137946,3588.55,bankcard,12
NULL,138002,584.91,jcb,1
NULL,138009,3954.94,bankcard,1
NULL,138121,3560.85,jcb,12
NULL,138149,5039.07,mastercard,1
NULL,138163,124.77,jcb,1
NULL,138247,2347.13,jcb,3
NULL,138296,72.07,mastercard,6
NULL,138303,2786.82,jcb,6
NULL,138317,1244.48,jcb,1
NULL,138380,3889.48,maestro,6
NULL,138436,292.32,maestro,3
NULL,138464,506.84,jcb,1
NULL,138520,202.37,mastercard,3
NULL,138527,49.61,maestro,3
NULL,138534,454.38,visa-electron,12
NULL,138611,739.36,laser,3
NULL,138681,2140.01,jcb,6
NULL,138688,59.18,jcb,12
NULL,138695,2213.38,jcb,12
NULL,138716,113.37,maestro,3
NULL,138758,841.67,jcb,3
NULL,138779,115.53,diners-club-us-ca,1
NULL,138828,233.17,maestro,3
NULL,138898,5083.74,switch,12
NULL,138919,2418.99,laser,12
NULL,138933,30.7,visa-electron,6
NULL,138940,4183.3,diners-club-carte-blanche,12
NULL,138975,9401.21,jcb,6
NULL,139010,338.97,jcb,1
NULL,139017,179.33,jcb,6
NULL,139094,526.85,maestro,12
NULL,139157,505.33,maestro,6
NULL,139192,9107,visa-electron,12
NULL,139199,1900.73,jcb,12
NULL,139234,154.81,jcb,12
NULL,139269,5942.96,jcb,6
NULL,139290,33.63,diners-club-enroute,6
NULL,139311,886.98,bankcard,12
NULL,139388,89.3,china-unionpay,3
NULL,139395,110.87,jcb,3
NULL,139451,103.23,diners-club-us-ca,6
NULL,139465,1312.17,jcb,12
NULL,139486,364.35,jcb,12
NULL,139584,78.77,jcb,6
NULL,139598,1433.05,jcb,12
NULL,139619,583.15,switch,12
NULL,139633,35.77,mastercard,1
NULL,139689,234.71,jcb,6
NULL,139710,541.89,maestro,6
NULL,139731,8432.08,diners-club-enroute,12
NULL,139759,327.33,jcb,1
NULL,139773,913.36,jcb,3
NULL,139850,198.05,diners-club-enroute,3
NULL,139857,58.85,jcb,6
NULL,139878,809.19,visa,3
NULL,139885,1286.73,jcb,3
NULL,139892,12211,jcb,1
NULL,139913,604.33,diners-club-us-ca,6
NULL,139962,109.87,maestro,3
NULL,139969,958.32,jcb,1
NULL,140004,53.52,visa-electron,1
NULL,140018,1292.84,jcb,6
NULL,140025,8861.19,maestro,6
NULL,140039,406.45,mastercard,6
NULL,140074,163.53,mastercard,1
NULL,140081,1634.58,jcb,3
NULL,140088,696.84,solo,3
NULL,140116,2748.09,mastercard,6
NULL,140144,489.31,jcb,1
NULL,140165,53.24,jcb,12
NULL,140200,1277.61,jcb,3
NULL,140228,142.8,mastercard,6
NULL,140242,2275.11,instapayment,12
NULL,140298,150.37,laser,12
NULL,140326,7522.62,mastercard,1
NULL,140403,58.72,china-unionpay,3
NULL,140410,8812.81,china-unionpay,1
NULL,140417,388.54,americanexpress,1
NULL,140501,2845.81,mastercard,6
NULL,140543,845.68,visa-electron,12
NULL,140564,191.04,diners-club-carte-blanche,1
NULL,140585,581.91,jcb,3
NULL,140634,58.04,mastercard,3
NULL,140641,391.35,mastercard,6
NULL,140662,3910.86,jcb,12
NULL,140676,889.42,jcb,3
NULL,140746,926.99,mastercard,3
NULL,140760,271.94,jcb,6
NULL,140795,1895.1,mastercard,12
NULL,140809,204.35,visa,1
NULL,140830,436.82,switch,3
NULL,140844,916.33,maestro,3
NULL,140851,154.3,china-unionpay,6
NULL,140858,2080.52,jcb,12
NULL,140886,266.49,diners-club-carte-blanche,6
NULL,140907,1974.96,switch,3
NULL,140921,735.35,bankcard,6
NULL,140949,1683.08,diners-club-carte-blanche,12
NULL,140963,2882.46,mastercard,6
NULL,140984,1360.73,mastercard,6
NULL,141040,2894.64,jcb,1
NULL,141082,814.28,mastercard,6
NULL,141145,305.82,diners-club-carte-blanche,1
NULL,141180,51.2,jcb,3
NULL,141215,4571.79,jcb,3
NULL,141257,1912.47,laser,6
NULL,141278,92.25,jcb,12
NULL,141397,730.68,mastercard,1
NULL,141453,41.5,mastercard,12
NULL,141544,6504.43,jcb,6
NULL,141607,117.72,mastercard,6
NULL,141684,121.77,solo,1
NULL,141733,354.98,mastercard,1
NULL,141789,3105.14,laser,1
NULL,141817,119.34,jcb,1
NULL,141852,198.01,diners-club-enroute,12
NULL,141873,1088.68,bankcard,3
NULL,141929,732.79,jcb,1
NULL,142020,217.44,americanexpress,6
NULL,142034,5424.91,laser,3
NULL,142041,43.95,jcb,3
NULL,142048,1101.6,diners-club-enroute,12
NULL,142097,137.97,jcb,12
NULL,142202,3687.64,jcb,12
NULL,142237,2052.94,laser,1
NULL,142335,5213.28,jcb,1
NULL,142370,929.33,diners-club-carte-blanche,3
NULL,142419,478.66,jcb,6
NULL,142545,8691.02,maestro,3
NULL,142573,2094.74,instapayment,3
NULL,142601,7116.14,americanexpress,3
NULL,142622,1060.68,bankcard,1
NULL,142636,1634.18,jcb,1
NULL,142685,3739.82,jcb,6
NULL,142692,15.84,mastercard,12
NULL,142727,325.21,bankcard,6
NULL,142755,22.53,mastercard,1
NULL,142867,112.56,jcb,12
NULL,142888,94.62,mastercard,12
NULL,142902,44.77,switch,1
NULL,142944,5822.75,jcb,12
NULL,142958,4090.77,jcb,3
NULL,142965,480.31,jcb,6
NULL,143028,83.31,diners-club-enroute,12
NULL,143063,5391,maestro,6
NULL,143077,58.2,bankcard,12
NULL,143105,2969.5,mastercard,12
NULL,143119,1803.45,laser,1
NULL,143126,1186.8,china-unionpay,1
NULL,143231,974.85,diners-club-carte-blanche,6
NULL,143238,204.78,mastercard,12
NULL,143245,2072.88,americanexpress,12
NULL,143259,898.91,solo,12
NULL,143308,100.76,mastercard,1
NULL,143329,196.98,mastercard,12
NULL,143336,761.46,jcb,3
NULL,143343,81.8,jcb,3
NULL,143385,536.76,jcb,1
NULL,143413,369.9,jcb,1
NULL,143448,5177.85,laser,3
NULL,143455,43.57,instapayment,6
NULL,143490,730.35,instapayment,12
NULL,143532,66.51,china-unionpay,6
NULL,143567,15716.28,jcb,6
NULL,143602,36.37,laser,12
NULL,143651,67.19,jcb,12
NULL,143665,270.92,jcb,1
NULL,143686,61.06,laser,3
NULL,143749,142.41,mastercard,3
NULL,143798,886.94,maestro,12
NULL,143819,35826.53,americanexpress,3
NULL,143840,629.67,instapayment,1
NULL,143861,43.63,visa-electron,1
NULL,143903,4709.9,americanexpress,3
NULL,143910,624.89,jcb,6
NULL,143917,41309.05,mastercard,1
NULL,144036,129.93,diners-club-enroute,3
NULL,144064,340.8,diners-club-enroute,6
NULL,144099,47.09,diners-club-international,1
NULL,144113,154.91,maestro,6
NULL,144190,47.81,jcb,3
NULL,144211,346.68,jcb,12
NULL,144218,4351.13,maestro,3
NULL,144267,288.03,bankcard,1
NULL,144344,1195.96,jcb,6
NULL,144386,95.73,jcb,12
NULL,144393,182.65,maestro,12
NULL,144407,354.76,bankcard,12
NULL,144526,2359.24,jcb,12
NULL,144540,919.53,jcb,6
NULL,144547,1514.1,jcb,1
NULL,144554,391.86,switch,3
NULL,144568,83.2,jcb,3
NULL,144582,199.15,diners-club-carte-blanche,3
NULL,144638,271.32,bankcard,12
NULL,144652,76.23,jcb,12
NULL,144666,5638.18,maestro,1
NULL,144792,401.03,jcb,1
NULL,144806,109.05,instapayment,6
NULL,144827,566.57,maestro,6
NULL,144855,46,jcb,12
NULL,144862,439.67,jcb,12
NULL,144904,1842.7,mastercard,6
NULL,144911,821.55,jcb,6
NULL,144932,102.06,jcb,12
NULL,144939,2184.63,jcb,1
NULL,145065,85.68,americanexpress,6
NULL,145128,2045.05,visa-electron,1
NULL,145142,433.54,jcb,6
NULL,145177,2223.99,bankcard,12
NULL,145184,334.41,maestro,6
NULL,145212,25.59,china-unionpay,12
NULL,145219,10832.64,americanexpress,12
NULL,145226,1457.85,jcb,6
NULL,145233,4362.09,jcb,1
NULL,145247,256.92,jcb,12
NULL,145303,694.73,jcb,3
NULL,145310,30.98,maestro,3
NULL,145317,3699.65,visa-electron,3
NULL,145352,13594.8,jcb,12
NULL,145366,220.5,maestro,3
NULL,145387,9926.28,jcb,6
NULL,145401,95.25,maestro,12
NULL,145436,2158.71,instapayment,12
NULL,145499,33.28,jcb,6
NULL,145576,129.9,jcb,12
NULL,145583,916.43,visa-electron,6
NULL,145625,25.43,jcb,1
NULL,145730,5429.58,jcb,1
NULL,145821,275.7,jcb,12
NULL,145842,148.18,mastercard,1
NULL,145849,1113.54,jcb,3
NULL,145863,28.62,jcb,12
NULL,145877,295,instapayment,12
NULL,145884,7182.67,mastercard,3
NULL,145905,4627.87,jcb,3
NULL,145919,1051.21,jcb,3
NULL,145982,798.53,jcb,3
NULL,146024,104.93,jcb,6
NULL,146031,281.68,americanexpress,12
NULL,146136,77.89,jcb,12
NULL,146143,476.25,visa-electron,1
NULL,146206,4224.15,mastercard,3
NULL,146262,23566.5,jcb,1
NULL,146353,134.64,jcb,3
NULL,146416,100.99,mastercard,6
NULL,146521,22.1,mastercard,12
NULL,146528,49.64,jcb,3
NULL,146535,17.64,jcb,6
NULL,146563,14105.56,visa-electron,12
NULL,146570,2143.58,maestro,1
NULL,146633,2870,jcb,3
NULL,146703,775.44,solo,3
NULL,146710,200.05,mastercard,6
NULL,146724,130.45,visa-electron,3
NULL,146745,507.47,jcb,6
NULL,146794,1484.3,mastercard,3
NULL,146836,245.24,china-unionpay,12
NULL,146885,36.69,jcb,3
NULL,146920,248.89,visa,12
NULL,146934,3151.86,jcb,1
NULL,146941,1105.26,jcb,1
NULL,146948,37.85,jcb,12
NULL,146969,1726.01,jcb,1
NULL,147067,70.68,maestro,1
NULL,147137,3893.31,jcb,3
NULL,147221,1555.5,jcb,12
NULL,147228,1743.24,visa,6
NULL,147235,133.95,maestro,3
NULL,147242,1749.87,instapayment,3
NULL,147277,1922.49,mastercard,3
NULL,147291,3413.93,mastercard,1
NULL,147298,884.55,mastercard,3
NULL,147361,194.3,jcb,1
NULL,147368,1410.9,jcb,12
NULL,147375,3036.34,jcb,12
NULL,147417,7059.38,visa,12
NULL,147501,29.55,visa-electron,3
NULL,147536,201.36,mastercard,3
NULL,147564,205.93,visa,12
NULL,147606,160.35,diners-club-enroute,1
NULL,147627,3224.68,mastercard,12
NULL,147662,2669.86,laser,1
NULL,147669,2125.27,mastercard,1
NULL,147704,492.52,jcb,3
NULL,147753,74.62,mastercard,1
NULL,147760,6048.9,jcb,6
NULL,147788,10727.67,jcb,12
NULL,147830,6789.44,jcb,12
NULL,147851,52.45,diners-club-carte-blanche,6
NULL,147914,109.83,diners-club-carte-blanche,1
NULL,147942,735.11,bankcard,12
NULL,147984,1408.95,diners-club-enroute,6
NULL,148012,19.28,jcb,1
NULL,148040,1112.19,jcb,1
NULL,148054,799.55,bankcard,3
NULL,148068,75.54,bankcard,3
NULL,148110,1866.41,jcb,6
NULL,148166,71.93,visa,6
NULL,148201,36.05,americanexpress,1
NULL,148250,54.81,jcb,1
NULL,148264,357.73,jcb,12
NULL,148334,30.47,visa-electron,12
NULL,148376,588.21,americanexpress,1
NULL,148404,4787.69,maestro,1
NULL,148432,152.79,china-unionpay,12
NULL,148446,6690.8,visa-electron,12
NULL,148474,1765.62,americanexpress,12
NULL,148488,551.77,instapayment,1
NULL,148593,157,jcb,6
NULL,148628,129.5,americanexpress,6
NULL,148635,2323.26,mastercard,6
NULL,148691,232.77,mastercard,3
NULL,148740,935.47,maestro,12
NULL,148761,206.55,jcb,12
NULL,148768,282.31,jcb,3
NULL,148796,1352.75,visa-electron,3
NULL,148803,525.17,jcb,6
NULL,148817,190.37,diners-club-international,12
NULL,148838,11746.36,americanexpress,1
NULL,148901,1082.72,diners-club-carte-blanche,12
NULL,148915,425.37,jcb,12
NULL,148922,338.72,laser,1
NULL,148929,2304.25,mastercard,12
NULL,148950,241.67,bankcard,3
NULL,149020,178.25,laser,1
NULL,149048,2230.59,china-unionpay,1
NULL,149111,196.17,jcb,6
NULL,149160,1016.2,solo,12
NULL,149223,296.01,china-unionpay,1
NULL,149244,65.99,mastercard,12
NULL,149279,5785.95,china-unionpay,1
NULL,149314,622.35,mastercard,12
NULL,149342,1082.13,jcb,1
NULL,149482,32.69,maestro,1
NULL,149489,237.26,jcb,3
NULL,149559,14700.02,jcb,6
NULL,149587,254.98,laser,3
NULL,149629,630.45,jcb,3
NULL,149643,803.93,maestro,3
NULL,149678,50.52,maestro,3
NULL,149713,1498.08,diners-club-carte-blanche,3
NULL,149797,1429.59,maestro,1
NULL,149853,107.6,jcb,6
NULL,149881,10480.74,instapayment,3
NULL,149888,1157.81,mastercard,3
NULL,149902,312.29,jcb,12
NULL,149958,1648.7,solo,1
NULL,149972,2511.24,jcb,1
NULL,149979,2158.05,jcb,3
NULL,150119,1944.29,jcb,6
NULL,150126,733.03,americanexpress,12
NULL,150147,433.34,jcb,6
NULL,150161,180.65,maestro,3
NULL,150189,470.58,diners-club-enroute,6
NULL,150245,7158.63,jcb,6
NULL,150301,284.78,mastercard,6
NULL,150343,35.94,mastercard,6
NULL,150350,2600.69,jcb,1
NULL,150434,1962.95,maestro,3
NULL,150497,2235.79,maestro,3
NULL,150525,34.37,mastercard,3
NULL,150532,233.1,visa-electron,3
NULL,150567,211.05,instapayment,12
NULL,150574,26.55,switch,12
NULL,150630,19323.5,visa-electron,3
NULL,150707,167.58,maestro,12
NULL,150791,933.43,jcb,1
NULL,150798,7348.36,jcb,3
NULL,150847,43.57,jcb,3
NULL,150861,2623.52,switch,1
NULL,150875,3330.15,diners-club-enroute,3
NULL,150889,24.39,jcb,6
NULL,150931,115.36,jcb,1
NULL,150945,3462.68,laser,1
NULL,150959,300.69,mastercard,1
NULL,150987,1354.45,bankcard,1
NULL,151001,218.02,bankcard,3
NULL,151043,105.41,switch,3
NULL,151078,281.94,jcb,1
NULL,151141,46.1,switch,3
NULL,151155,53.71,jcb,12
NULL,151295,1267.56,diners-club-carte-blanche,12
NULL,151316,75.69,jcb,6
NULL,151358,795.65,maestro,12
NULL,151372,284.5,jcb,3
NULL,151428,66.78,mastercard,6
NULL,151512,63.27,mastercard,1
NULL,151554,102.46,americanexpress,6
NULL,151589,1291.14,visa,6
NULL,151680,267.92,diners-club-carte-blanche,6
NULL,151708,453.33,jcb,1
NULL,151841,22.59,diners-club-carte-blanche,3
NULL,151925,221.66,laser,6
NULL,151995,5516.53,bankcard,12
NULL,152002,303.23,jcb,3
NULL,152030,3072.37,americanexpress,6
NULL,152051,2763.98,jcb,6
NULL,152072,706.45,maestro,6
NULL,152093,8143.77,jcb,3
NULL,152121,828.37,mastercard,6
NULL,152128,460.26,jcb,3
NULL,152142,947.35,laser,12
NULL,152156,3610.45,jcb,12
NULL,152163,245.96,maestro,6
NULL,152170,1551.2,jcb,6
NULL,152275,36.69,maestro,1
NULL,152289,4311.12,jcb,3
NULL,152296,78.75,maestro,6
NULL,152345,275.91,jcb,3
NULL,152366,2054.92,jcb,12
NULL,152380,666.69,jcb,6
NULL,152408,32.85,jcb,3
NULL,152485,73.64,jcb,1
NULL,152527,211.4,jcb,12
NULL,152534,175.66,jcb,3
NULL,152555,6473.65,americanexpress,3
NULL,152562,139.74,mastercard,1
NULL,152583,1171.46,mastercard,6
NULL,152611,1159.56,jcb,6
NULL,152695,1900.39,jcb,12
NULL,152702,1634.01,maestro,6
NULL,152723,38.51,jcb,3
NULL,152737,1177.81,americanexpress,3
NULL,152807,2739.28,china-unionpay,12
NULL,152835,82.2,instapayment,12
NULL,152849,25.59,jcb,1
NULL,152891,887.4,jcb,1
NULL,152912,8915.94,china-unionpay,1
NULL,153038,460.85,switch,1
NULL,153108,434.28,jcb,3
NULL,153129,117.9,visa,3
NULL,153150,68.4,mastercard,12
NULL,153220,82.3,mastercard,3
NULL,153318,4017.7,laser,6
NULL,153325,185.6,jcb,6
NULL,153339,34.78,jcb,12
NULL,153346,116.61,jcb,12
NULL,153353,133.42,visa-electron,6
NULL,153381,6331.63,americanexpress,6
NULL,153388,6059.13,jcb,12
NULL,153416,2780.61,switch,6
NULL,153479,91.8,americanexpress,12
NULL,153500,2990.77,jcb,3
NULL,153577,192.08,visa,1
NULL,153612,87.05,jcb,3
NULL,153626,46.86,jcb,12
NULL,153654,84.16,americanexpress,1
NULL,153682,3799.44,jcb,12
NULL,153717,182.89,jcb,1
NULL,153787,320.35,jcb,3
NULL,153815,1591.38,jcb,12
NULL,153906,181.25,visa,1
NULL,153913,5660.89,jcb,12
NULL,153969,1125.69,jcb,12
NULL,153976,1260.73,visa,12
NULL,153983,150.8,diners-club-carte-blanche,1
NULL,154018,848.2,visa,6
NULL,154039,134.24,laser,6
NULL,154109,852.96,instapayment,6
NULL,154123,134.47,diners-club-enroute,6
NULL,154186,18.97,jcb,1
NULL,154200,153.69,jcb,12
NULL,154214,19.85,visa-electron,1
NULL,154326,2706.95,instapayment,1
NULL,154340,179.94,laser,6
NULL,154361,96.95,mastercard,12
NULL,154410,3807.5,americanexpress,3
NULL,154536,101.8,maestro,1
NULL,154599,6162.05,mastercard,1
NULL,154669,2679.02,jcb,3
NULL,154690,1267.62,jcb,12
NULL,154711,207.38,jcb,6
NULL,154718,22.14,bankcard,6
NULL,154739,950.3,jcb,3
NULL,154746,3035.39,mastercard,6
NULL,154788,25.35,jcb,12
NULL,154795,60.47,switch,3
NULL,154851,67.05,visa,1
NULL,154879,443.01,maestro,12
NULL,154921,494.82,mastercard,3
NULL,154963,5983.29,jcb,12
NULL,154970,180.73,jcb,6
NULL,155005,1196.68,diners-club-enroute,12
NULL,155040,345.03,diners-club-carte-blanche,6
NULL,155047,29.91,maestro,1
NULL,155054,31.75,mastercard,6
NULL,155068,415.09,jcb,6
NULL,155075,2849.73,americanexpress,3
NULL,155089,268.15,diners-club-carte-blanche,1
NULL,155145,47.2,mastercard,12
NULL,155187,344.71,jcb,3
NULL,155208,229.23,jcb,1
NULL,155292,214.31,visa-electron,1
NULL,155299,12.69,mastercard,3
NULL,155306,5828.75,switch,6
NULL,155334,733.22,visa,12
NULL,155376,1968.12,jcb,6
NULL,155425,5916.56,jcb,1
NULL,155439,77.85,jcb,6
NULL,155453,24.41,americanexpress,12
NULL,155460,4292.74,jcb,6
NULL,155481,234.05,china-unionpay,3
NULL,155488,160.87,jcb,12
NULL,155502,3417.32,switch,3
NULL,155516,4010.84,diners-club-carte-blanche,3
NULL,155530,10027.05,jcb,3
NULL,155551,47.49,switch,3
NULL,155558,60.74,jcb,3
NULL,155565,280.7,instapayment,12
NULL,155600,9402.69,jcb,3
NULL,155670,162.97,maestro,1
NULL,155698,5259.34,jcb,6
NULL,155705,3997.84,jcb,12
NULL,155761,725.08,switch,1
NULL,155817,494.29,mastercard,1
NULL,155824,108.39,jcb,12
NULL,155845,9024.48,laser,6
NULL,155852,74.4,mastercard,3
NULL,155873,1008.05,jcb,6
NULL,155880,1576.24,maestro,12
NULL,155887,1659.57,mastercard,6
NULL,155992,351.52,jcb,6
NULL,155999,681.76,visa-electron,1
NULL,156083,47.49,jcb,12
NULL,156104,2012.36,mastercard,12
NULL,156216,93.38,mastercard,3
NULL,156251,744.63,jcb,3
NULL,156314,152.3,jcb,12
NULL,156335,610.03,diners-club-international,12
NULL,156349,1187.69,jcb,1
NULL,156356,307.25,jcb,12
NULL,156377,121.87,jcb,3
NULL,156412,41.07,jcb,12
NULL,156440,95.39,jcb,12
NULL,156482,8696.9,maestro,12
NULL,156503,792.81,jcb,1
NULL,156524,81.48,bankcard,6
NULL,156559,5758.83,jcb,12
NULL,156573,180.42,jcb,3
NULL,156587,991.8,maestro,3
NULL,156594,569.75,visa-electron,6
NULL,156601,39.87,visa,12
NULL,156685,164.77,jcb,1
NULL,156769,274.56,switch,1
NULL,156811,279,jcb,1
NULL,156818,578.14,bankcard,12
NULL,156867,299.46,diners-club-enroute,12
NULL,156951,2910.22,jcb,6
NULL,156986,461.76,bankcard,3
NULL,156993,37.72,jcb,1
NULL,157000,202.53,maestro,3
NULL,157014,340.01,jcb,12
NULL,157021,80.76,diners-club-us-ca,1
NULL,157035,94.35,mastercard,12
NULL,157084,4065.2,laser,3
NULL,157091,2045.05,diners-club-carte-blanche,1
NULL,157133,1301.1,visa-electron,6
NULL,157147,5236.62,americanexpress,6
NULL,157245,1325.47,jcb,6
NULL,157252,526.24,jcb,6
NULL,157266,317.96,maestro,3
NULL,157308,54.13,diners-club-carte-blanche,6
NULL,157322,4167.06,visa-electron,1
NULL,157336,2734.72,jcb,1
NULL,157385,1860.09,mastercard,6
NULL,157406,50.97,diners-club-carte-blanche,12
NULL,157483,1282.47,mastercard,12
NULL,157511,588.84,maestro,1
NULL,157609,1074.22,jcb,1
NULL,157623,31.13,china-unionpay,12
NULL,157651,64.12,visa,6
NULL,157721,161.81,americanexpress,12
NULL,157749,1903.42,mastercard,1
NULL,157763,637.06,visa,3
NULL,157770,163.99,visa,3
NULL,157784,1740.93,visa-electron,3
NULL,157812,203.52,diners-club-international,1
NULL,157833,173.43,maestro,1
NULL,157854,4637.91,switch,3
NULL,157868,133.7,china-unionpay,3
NULL,157882,155.83,maestro,3
NULL,157896,367.07,visa,1
NULL,157924,886.64,visa,12
NULL,157931,2103.72,maestro,1
NULL,157945,35.49,jcb,6
NULL,157980,467.44,switch,6
NULL,157987,7264.7,jcb,3
NULL,158029,1264.67,jcb,3
NULL,158036,18.55,visa-electron,3
NULL,158057,612.28,mastercard,1
NULL,158064,91,bankcard,6
NULL,158099,7386.79,maestro,12
NULL,158106,29.01,jcb,1
NULL,158218,843.76,mastercard,3
NULL,158246,581.04,jcb,1
NULL,158274,2547.64,americanexpress,3
NULL,158337,705.12,jcb,1
NULL,158344,265.29,china-unionpay,6
NULL,158372,932.9,jcb,3
NULL,158379,17912.68,diners-club-carte-blanche,1
NULL,158386,354.6,jcb,1
NULL,158407,252.15,laser,12
NULL,158435,774.48,americanexpress,6
NULL,158456,167.41,laser,1
NULL,158505,96.62,jcb,1
NULL,158512,238.06,diners-club-carte-blanche,6
NULL,158554,62.09,jcb,12
NULL,158568,781.22,jcb,12
NULL,158575,373.35,jcb,1
NULL,158638,54.13,diners-club-enroute,12
NULL,158673,621.77,mastercard,12
NULL,158708,39.64,jcb,1
NULL,158729,5016.36,laser,6
NULL,158743,506.44,jcb,6
NULL,158771,801.86,jcb,6
NULL,158792,93.8,americanexpress,3
NULL,158834,1672.62,visa,12
NULL,158876,708.74,maestro,3
NULL,158883,113.18,visa-electron,6
NULL,158946,223.16,maestro,3
NULL,159107,19.5,mastercard,6
NULL,159142,556.17,americanexpress,3
NULL,159184,488.2,visa-electron,3
NULL,159205,4055.68,diners-club-carte-blanche,1
NULL,159212,58.49,americanexpress,6
NULL,159310,2552.33,jcb,3
NULL,159345,569.25,jcb,6
NULL,159352,289.17,jcb,6
NULL,159373,3318.33,visa-electron,1
NULL,159380,107.01,switch,3
NULL,159457,66.42,jcb,3
NULL,159464,1526.81,jcb,1
NULL,159478,66.21,jcb,1
NULL,159520,2059,jcb,1
NULL,159597,331.9,china-unionpay,1
NULL,159604,47.52,china-unionpay,6
NULL,159730,181.01,mastercard,1
NULL,159737,139.35,laser,6
NULL,159835,3186.56,visa,6
NULL,159856,865.85,mastercard,3
NULL,159863,482.71,switch,12
NULL,159884,62.27,jcb,1
NULL,159912,1655.76,mastercard,12
NULL,159926,28.11,laser,12
NULL,159940,1542.41,jcb,6
NULL,159982,82.17,mastercard,1
NULL,159989,131.49,jcb,6
NULL,160045,37.22,switch,6
NULL,160059,24.21,switch,6
NULL,160066,25.11,maestro,6
NULL,160087,108.33,mastercard,12
NULL,160129,451.8,instapayment,12
NULL,160150,37.39,laser,12
NULL,160157,653.55,laser,12
NULL,160213,69.72,jcb,6
NULL,160262,305.92,jcb,6
NULL,160304,1153.54,china-unionpay,3
NULL,160395,576.94,jcb,1
NULL,160416,733.8,americanexpress,6
NULL,160423,1959.37,mastercard,6
NULL,160444,2223.7,china-unionpay,12
NULL,160472,515.19,maestro,6
NULL,160500,1969.25,jcb,6
NULL,160514,44.73,americanexpress,12
NULL,160528,6969.03,bankcard,12
NULL,160696,27.55,visa,12
NULL,160745,2918.08,jcb,1
NULL,160759,114.08,visa-electron,6
NULL,160773,58.59,visa-electron,12
NULL,160780,318.08,jcb,12
NULL,160794,94.35,visa,6
NULL,160983,190.8,mastercard,3
NULL,161018,449.97,jcb,3
NULL,161053,2927.14,diners-club-enroute,1
NULL,161095,142.71,jcb,3
NULL,161193,323.1,jcb,6
NULL,161200,593.29,maestro,3
NULL,161207,128.61,jcb,1
NULL,161214,334.2,bankcard,6
NULL,161263,935.52,jcb,6
NULL,161396,2767.6,diners-club-carte-blanche,3
NULL,161473,147.81,jcb,12
NULL,161480,774.97,jcb,12
NULL,161613,1986.43,jcb,1
NULL,161662,128.26,laser,1
NULL,161669,382.42,jcb,6
NULL,161683,2045.93,jcb,12
NULL,161718,2314.28,visa,3
NULL,161781,196.6,jcb,12
NULL,161809,491.79,visa,3
NULL,161816,1266.81,jcb,12
NULL,161823,26.43,mastercard,6
NULL,161844,211.35,jcb,12
NULL,161956,6179.28,mastercard,12
NULL,161984,55.85,mastercard,3
NULL,161991,4762.45,jcb,12
NULL,162082,524.34,diners-club-enroute,3
NULL,162103,41.85,jcb,3
NULL,162138,901.39,laser,6
NULL,162208,28.33,mastercard,1
NULL,162278,2891.82,jcb,1
NULL,162313,707.22,jcb,6
NULL,162362,69.33,mastercard,3
NULL,162369,795.65,china-unionpay,12
NULL,162404,117.89,solo,3
NULL,162481,603.61,jcb,12
NULL,162537,154.55,visa,6
NULL,162565,2401.3,maestro,3
NULL,162572,581.18,jcb,12
NULL,162621,214.85,jcb,6
NULL,162635,68.18,jcb,1
NULL,162677,661.15,diners-club-international,6
NULL,162691,7223.39,americanexpress,12
NULL,162726,111.57,americanexpress,1
NULL,162733,31.46,visa-electron,6
NULL,162775,5169.07,jcb,3
NULL,162859,42.93,jcb,3
NULL,162866,119.49,visa-electron,1
NULL,162901,113.7,americanexpress,1
NULL,162929,176.88,maestro,3
NULL,162978,2100.16,laser,12
NULL,163020,141.89,maestro,6
NULL,163034,1974.95,mastercard,6
NULL,163055,3259.53,switch,12
NULL,163090,370.45,visa-electron,12
NULL,163125,1206.76,jcb,1
NULL,163139,821.77,mastercard,3
NULL,163153,184.74,switch,3
NULL,163160,736.79,laser,3
NULL,163167,8535.34,jcb,6
NULL,163195,158.2,instapayment,6
NULL,163293,313.06,solo,3
NULL,163321,328.36,mastercard,12
NULL,163384,161.3,jcb,12
NULL,163398,325.65,visa,1
NULL,163419,3884.62,jcb,3
NULL,163510,429.04,jcb,12
NULL,163531,621.36,jcb,12
NULL,163552,4171.56,jcb,12
NULL,163559,443.77,jcb,12
NULL,163587,2615.65,mastercard,3
NULL,163685,317.25,americanexpress,1
NULL,163692,60.42,maestro,1
NULL,163762,108.33,china-unionpay,6
NULL,163783,68.04,jcb,12
NULL,163790,6603.78,jcb,3
NULL,163881,5965.23,jcb,1
NULL,163895,20.6,visa,12
NULL,163902,1577.25,diners-club-enroute,1
NULL,163979,2970.16,jcb,12
NULL,163986,227.45,diners-club-carte-blanche,1
NULL,164042,43.74,mastercard,1
NULL,164049,176.4,maestro,12
NULL,164091,1585.73,jcb,1
NULL,164147,415.08,maestro,12
NULL,164154,268.47,bankcard,3
NULL,164168,1073.91,laser,6
NULL,164210,702.94,americanexpress,3
NULL,164224,823.84,visa-electron,3
NULL,164259,584.58,jcb,1
NULL,164308,4457.94,jcb,1
NULL,164329,774.44,bankcard,6
NULL,164336,295.14,visa-electron,6
NULL,164350,215.08,jcb,1
NULL,164357,75.05,mastercard,6
NULL,164364,151.92,mastercard,12
NULL,164427,1016.19,maestro,3
NULL,164441,438.67,laser,3
NULL,164448,2013.36,jcb,1
NULL,164469,1184.94,laser,6
NULL,164483,34.53,jcb,6
NULL,164511,333.7,instapayment,3
NULL,164539,1307.1,jcb,12
NULL,164588,53.1,jcb,3
NULL,164616,926.48,jcb,3
NULL,164630,2569.33,diners-club-us-ca,3
NULL,164637,458.85,jcb,12
NULL,164721,1400.28,visa-electron,1
NULL,164735,227.55,jcb,1
NULL,164784,1984.58,jcb,1
NULL,164819,51.55,mastercard,12
NULL,164826,541.1,mastercard,1
NULL,164833,66.66,instapayment,3
NULL,164882,3762.71,jcb,6
NULL,164896,48.79,mastercard,3
NULL,164917,318.15,diners-club-carte-blanche,6
NULL,164938,323.65,solo,6
NULL,164973,9561.53,jcb,12
NULL,165029,47.97,maestro,1
NULL,165050,2418.72,diners-club-carte-blanche,1
NULL,165057,780.12,jcb,12
NULL,165078,707.19,jcb,1
NULL,165085,1184.11,jcb,6
NULL,165148,121.55,jcb,1
NULL,165169,1022.68,jcb,12
NULL,165204,3462.68,mastercard,3
NULL,165218,537.85,jcb,3
NULL,165309,10575.42,americanexpress,1
NULL,165316,208.27,jcb,6
NULL,165344,4702.7,jcb,3
NULL,165379,85.68,china-unionpay,12
NULL,165386,713.68,jcb,12
NULL,165414,151.44,diners-club-carte-blanche,6
NULL,165428,221.55,visa-electron,12
NULL,165449,118.13,mastercard,6
NULL,165491,1339.1,mastercard,12
NULL,165540,75.8,jcb,1
NULL,165603,208.18,switch,1
NULL,165624,4131.31,visa-electron,6
NULL,165659,2796.36,visa-electron,3
NULL,165687,142.59,mastercard,1
NULL,165757,354.21,maestro,6
NULL,165841,800.77,diners-club-international,12
NULL,165848,329.99,mastercard,6
NULL,165862,2072.85,laser,12
NULL,165953,273.32,mastercard,3
NULL,165974,151.41,bankcard,6
NULL,166128,1012.94,visa-electron,3
NULL,166135,572.93,americanexpress,6
NULL,166142,825.36,switch,1
NULL,166163,325.97,jcb,3
NULL,166191,2359.71,diners-club-international,6
NULL,166198,426,jcb,1
NULL,166226,62.99,americanexpress,3
NULL,166296,1110.36,jcb,6
NULL,166317,1110.95,jcb,12
NULL,166415,61.8,visa-electron,1
NULL,166436,3146.43,jcb,12
NULL,166443,142,diners-club-carte-blanche,1
NULL,166457,50.08,maestro,3
NULL,166464,1326.67,jcb,3
NULL,166471,803.93,jcb,1
NULL,166485,42.45,diners-club-carte-blanche,3
NULL,166520,270.21,americanexpress,1
NULL,166576,793.08,jcb,1
NULL,166611,696.87,visa,6
NULL,166674,1090.57,jcb,6
NULL,166709,32559.36,mastercard,3
NULL,166849,98.25,mastercard,1
NULL,166863,4476.94,visa-electron,1
NULL,166884,199.13,jcb,6
NULL,166954,6060.54,jcb,6
NULL,166989,290.67,americanexpress,3
NULL,167003,501.9,jcb,12
NULL,167010,2715.01,maestro,12
NULL,167094,1513.53,jcb,12
NULL,167101,933.88,china-unionpay,6
NULL,167150,270.35,switch,12
NULL,167164,271.4,mastercard,12
NULL,167220,98.93,solo,3
NULL,167262,5951.04,laser,12
NULL,167290,55.23,mastercard,6
NULL,167339,3672.21,mastercard,6
NULL,167360,757.62,jcb,3
NULL,167381,123.28,jcb,12
NULL,167507,102.48,jcb,12
NULL,167556,221.59,diners-club-carte-blanche,3
NULL,167584,41.6,diners-club-enroute,1
NULL,167633,54.15,jcb,3
NULL,167661,221.17,jcb,3
NULL,167668,223.74,jcb,1
NULL,167703,1342.2,jcb,1
NULL,167738,563.74,diners-club-us-ca,1
NULL,167745,160.59,mastercard,3
NULL,167752,53.88,jcb,6
NULL,167759,282.1,mastercard,12
NULL,167850,672.67,diners-club-carte-blanche,1
NULL,167871,123.1,jcb,6
NULL,167899,63.36,bankcard,12
NULL,167941,1364.1,jcb,6
NULL,168004,929.26,switch,1
NULL,168081,1128.01,jcb,12
NULL,168102,534.69,americanexpress,1
NULL,168109,228.42,jcb,1
NULL,168116,32543.48,jcb,3
NULL,168123,1964.68,mastercard,1
NULL,168130,4417.77,diners-club-enroute,1
NULL,168193,117.92,switch,12
NULL,168228,621.75,jcb,1
NULL,168354,6027.87,maestro,3
NULL,168396,574.75,bankcard,6
NULL,168459,268.73,laser,1
NULL,168480,761.69,switch,12
NULL,168494,21699.67,visa,6
NULL,168536,292.32,switch,1
NULL,168564,569.63,jcb,3
NULL,168592,298.41,jcb,1
NULL,168620,4023.73,maestro,3
NULL,168641,1581.9,jcb,12
NULL,168655,2181.2,jcb,12
NULL,168690,31.59,laser,6
NULL,168732,109.07,mastercard,12
NULL,168746,5059.93,maestro,12
NULL,168753,4010.6,visa,3
NULL,168767,26.55,switch,1
NULL,168823,162.39,mastercard,6
NULL,168858,48.51,maestro,3
NULL,168893,2591.02,jcb,12
NULL,168900,31.58,switch,6
NULL,168956,240.45,mastercard,6
NULL,168984,1598.41,jcb,3
NULL,169026,79.47,china-unionpay,3
NULL,169033,174.25,diners-club-us-ca,1
NULL,169040,4715.32,jcb,3
NULL,169103,299.46,bankcard,1
NULL,169194,157.49,jcb,3
NULL,169201,148.02,jcb,6
NULL,169215,140.65,visa,3
NULL,169264,135.78,visa,3
NULL,169285,21.47,jcb,12
NULL,169320,33.42,jcb,12
NULL,169397,565.5,solo,6
NULL,169726,7801.64,jcb,3
NULL,169775,3050.56,mastercard,1
NULL,169789,5575.3,jcb,3
NULL,169810,100.45,jcb,12
NULL,169817,12.63,jcb,12
NULL,169859,647.02,jcb,1
NULL,169894,2846.92,laser,1
NULL,169922,107.05,diners-club-enroute,1
NULL,169943,2961.61,visa-electron,6
NULL,169957,342.77,maestro,12
NULL,169971,230.04,maestro,12
NULL,169978,768.63,visa-electron,12
