product_id,product_name,category_id,sub_category_id,price,discount_id
10000004,Belkin iPhone and iPad Lightning Cable,3,8,11.99,5
10000007,"Telephone Message Books with Fax/Mobile Section,",2,12,14.76,NULL
10000008,"DAX Value U-Channel Document Frames, Easel Back",1,6,17.72,1
10000010,Hewlett-Packard Deskjet 3050a All-in-One Color I,3,16,3040,NULL
10000011,PureGear Roll-On Screen Protector,3,8,70.63,NULL
10000014,Heavy-Duty E-Z-D Binders,2,9,12.54,2
10000015,Hon Multipurpose Stacking Arm Chairs,1,2,996.36,2
10000019,Xerox 1931,2,12,23.65,1
10000021,Eldon Wave Desk Accessories,1,6,23.57,3
10000023,"Maxell 74 Minute CD-R Spindle, 50/Pack",3,11,73.39,1
10000025,Fellowes Stor/Drawer Steel Plus Storage Drawers,2,5,453.29,NULL
10000026,Tripp Lite Isotel 6 Outlet Surge Protector with,2,10,264.2,3
10000027,"Epson WorkForce WF-2530 All-in-One Printer, Copi",3,16,139.98,NULL
10000029,Xerox 224,2,12,17.1,1
10000034,"BIC Brite Liner Grip Highlighters, Assorted, 5/P",2,7,22.33,NULL
10000036,Recycled Data-Pak for Archival Bound Computer Pr,2,5,246.97,NULL
10000038,Jawbone MINI JAMBOX Wireless Bluetooth Speaker,3,8,397.24,2
10000042,"Pressboard Data Binder, Crimson, 12"" X 8 1/2""""""",2,9,17.09,NULL
10000046,Fellowes Super Stor/Drawer Files,2,5,393.1,NULL
10000050,"Angle-D Binders with Locking Rings, Label Holder",2,9,21.65,1
10000053,Revere Boxed Rubber Bands by Revere,2,13,9.07,NULL
10000055,Belkin F9S820V06 8 Outlet Surge,2,10,35.72,3
10000056,Cameo Buff Policy Envelopes,2,14,161.79,3
10000057,Microsoft Natural Ergonomic Keyboard 4000,3,11,47.98,1
10000060,Fellowes Bankers Box Staxonsteel Drawer File/Sta,2,5,343.09,1
10000061,Xerox 205,2,12,43.2,NULL
10000062,Green Bar Computer Printout Paper,2,12,164.88,NULL
10000067,"GBC Prepunched Paper, 19-Hole, for Binding Syste",2,9,31.14,2
10000069,"TOPS 4 x 6 Fluorescent Color Memo Sheets, 500 Sh",2,12,18.98,NULL
10000073,Deflect-O Glasstique Clear Desk Accessories,1,6,69.3,3
10000076,24-Hour Round Wall Clock,1,6,76.92,NULL
10000078,Tennsco 6- and 18-Compartment Lockers,2,5,816.72,NULL
10000081,Avery 496,2,3,18.75,1
10000087,"Executive Impressions 14"" Two-Color Numerals Wal""",1,6,72.7,3
10000088,GBC Imprintable Covers,2,9,16.25,1
10000100,Xerox 1945,2,12,208.22,2
10000107,Fellowes Super Stor/Drawer,2,5,129.5,NULL
10000109,Sony Micro Vault Click 16 GB USB 2.0 Flash Drive,3,11,156.77,1
10000111,"Bush Birmingham Collection Bookcase, Dark Cherry",1,1,825.17,4
10000112,Panasonic KX MB2061 Multifunction Printer,3,16,2396.4,3
10000121,Avery 48,2,3,15.12,NULL
10000122,Newell 314,2,7,15.06,NULL
10000124,Acco 6 Outlet Guardian Basic Surge Suppressor,2,10,33.28,1
10000127,Newell 321,2,7,14.1,NULL
10000129,Fellowes Recycled Storage Drawers,2,5,333.09,2
10000130,Xerox 199,2,12,17.12,NULL
10000133,"Advantus Push Pins, Aluminum Head",2,13,30.98,2
10000134,Avery 511,2,3,12.32,NULL
10000136,Avery Non-Stick Heavy Duty View Round Locking Ri,2,9,26.91,2
10000138,Acco Translucent Poly Ring Binders,2,9,14.97,1
10000139,"Ampad Evidence Wirebond Steno Books, 6"" x 9""""""",2,12,6.54,1
10000141,Clearsounds A400,3,8,211.17,1
10000142,Deluxe Rollaway Locking File with Drawer,2,5,956.52,5
10000145,Zipper Ring Binder Pockets,2,9,7.38,NULL
10000148,Cyber Acoustics AC-202b Speech Recognition Stere,3,8,27.28,3
10000149,Cisco SPA525G2 IP Phone - Wireless,3,8,83.79,4
10000151,High Speed Automatic Electric Letter Opener,2,15,8187.65,NULL
10000155,Global Comet Stacking Armless Chair,1,2,687.81,NULL
10000156,Compact Automatic Electric Letter Opener,2,15,532.91,NULL
10000157,Xerox 191,2,12,89.51,3
10000158,Sony 64GB Class 10 Micro SDHC R40 Memory Card,3,11,100.77,3
10000159,Belkin F9M820V08 8 Outlet Surge,2,10,34.38,3
10000167,Xerox 1925,2,12,74.35,NULL
10000169,ARKON Windshield Dashboard Air Vent Car Mount Ho,3,8,40.68,NULL
10000171,Verbatim 25 GB 6x Blu-ray Single Layer Recordabl,3,11,48.27,2
10000173,"Message Book, Wirebound, Four 5 1/2"" X 4"""" Forms/""",2,12,24.67,NULL
10000174,Wilson Jones Clip & Carry Folder Binder Tool for,2,9,33.93,3
10000175,DAX Wood Document Frame.,1,6,82.38,2
10000176,Xerox 1887,2,12,63.23,NULL
10000179,Honeywell Enviracaire Portable HEPA Air Cleaner,2,10,475.01,2
10000191,Jensen SMPS-640 - speaker phone,3,8,110.35,NULL
10000193,Tenex Chairmats For Use with Hard Floors,1,6,129.92,NULL
10000198,Chromcraft Bull-Nose Wood Oval Conference Tables,1,4,1487.64,NULL
10000199,Kingston Digital DataTraveler 8GB USB 2.0,3,11,19.04,1
10000201,"Avery Triangle Shaped Sheet Lifters, Black, 2/Pa",2,9,1.84,NULL
10000203,Newell 336,2,7,19.4,NULL
10000206,"GE General Purpose, Extra Long Life, Showcase &",1,6,7.45,2
10000211,Seidio BD2-HK3IPH5-BK DILEX Case and Holster Com,3,8,173.66,NULL
10000213,Xerox 198,2,12,15.94,NULL
10000215,Plantronics Cordless Phone Headset with In-line,3,8,166.01,2
10000221,"Master Caster Door Stop, Brown",1,6,18.92,2
10000222,"Seth Thomas 16"" Steel Case Clock""",1,6,129.92,3
10000223,Xerox 2000,2,12,17.71,NULL
10000225,"Global Geo Office Task Chair, Gray",1,2,307.72,2
10000229,Global Enterprise Series Seating High-Back Swive,1,2,433.57,5
10000232,Xerox 1975,2,12,15.55,NULL
10000237,Belkin F9G930V10-GRY 9 Outlet Surge,2,10,213.92,2
10000240,Self-Adhesive Address Labels for Typewriters by,2,3,23.39,1
10000243,Aluminum Document Frame,1,6,38.29,5
10000245,Newell 318,2,7,18.07,3
10000246,Riverleaf Stik-Withit Designer Note Cubes,2,12,16.1,4
10000248,Avery 52,2,3,11.62,NULL
10000249,Easy-staple paper,2,12,39.29,NULL
10000252,Harmony HEPA Quiet Air Purifiers,2,10,26.91,4
10000255,Newell 328,2,7,25.3,3
10000262,Avery 494,2,3,16.96,NULL
10000285,XtraLife ClearVue Slant-D Ring Binders by Cardin,2,9,16.2,4
10000289,Xerox 213,2,12,22.68,NULL
10000290,Sabrent 4-Port USB 2.0 Hub,3,11,24.89,NULL
10000293,Eldon Antistatic Chair Mats for Low to Medium Pi,1,6,407.12,4
10000301,GBC Instant Report Kit,2,9,9.7,NULL
10000302,Advantus Push Pins,2,13,8.37,NULL
10000303,Logitech M510 Wireless Mouse,3,11,63.98,NULL
10000304,Xerox 1995,2,12,19.18,1
10000305,"Tenex V2T-RE Standard Weight Series Chair Mat, 4",1,6,127.76,NULL
10000306,Deflect-o Glass Clear Studded Chair Mats,1,6,270.48,NULL
10000307,Shocksock Galaxy S4 Armband,3,8,10.95,NULL
10000308,Xerox 1901,2,12,16.9,NULL
10000309,"GBC Twin Loop Wire Binding Elements, 9/16"" Spine""",2,9,48.7,2
10000311,Global Comet Stacking Arm Chair,1,2,1267.53,5
10000313,"Dixon Ticonderoga Maple Cedar Pencil, #2",2,7,7.77,NULL
10000315,Poly Designer Cover & Back,2,9,73.58,NULL
10000317,GBC Plastic Binding Combs,2,9,21.64,NULL
10000320,OIC Stacking Trays,1,6,24.05,1
10000321,Akro Stacking Bins,2,5,7.89,5
10000326,Belkin 7 Outlet SurgeMaster Surge Protector with,2,10,157.92,NULL
10000327,Xerox 1971,2,12,22.08,NULL
10000330,"Sauder Camden County Barrister Bookcase, Planked",1,1,411.33,1
10000343,"Pressboard Covers with Storage Hooks, 9 1/2"" x 1""",2,9,6.38,NULL
10000344,"Neat Ideas Personal Hanging Folder Files, Black",2,5,52.82,2
10000347,Cush Cases Heavy Duty Rugged Cover Case for Sams,3,8,9.1,2
10000349,Easy-staple paper,2,12,14.44,2
10000350,"Message Book, Standard Line ""While You Were Out""""""",2,12,25.68,1
10000352,Acco Perma 2700 Stacking Storage Drawers,2,5,53.53,NULL
10000355,"White Dual Perf Computer Printout Paper, 2700 Sh",2,12,92.91,1
10000357,Xerox 1888,2,12,213.04,NULL
10000358,Fellowes Basic Home/Office Series Surge Protecto,2,10,47.76,NULL
10000359,Imation Secure Drive + Hardware Encrypted USB fl,3,11,189.95,NULL
10000362,Sauder Inglewood Library Bookcases,1,1,262.17,NULL
10000367,Design Ebony Sketching Pencil,2,7,4.54,1
10000369,HTC One Mini,3,8,453.56,4
10000376,Square Credit Card Reader,3,8,30.47,5
10000377,"Hunt PowerHouse Electric Pencil Sharpener, Blue",2,7,182.3,2
10000380,"REDIFORM Incoming/Outgoing Call Register, 11"" X""",2,12,39.61,4
10000381,Acme Forged Steel Scissors with Black Enamel Han,2,15,39.72,NULL
10000387,KeyTronic KT800P2 - Keyboard - Black,3,11,25.53,3
10000389,Euro Pro Shark Stick Mini Vacuum,2,10,48.78,5
10000390,Newell Chalk Holder,2,7,12.39,NULL
10000393,Luxo Economy Swing Arm Lamp,1,6,53.17,NULL
10000397,"Perixx PERIBOARD-512B, Ergonomic Split Keyboard",3,11,104.97,1
10000404,Avery Printable Repositionable Plastic Tabs,2,9,26.23,2
10000407,Avery White Multi-Purpose Labels,2,3,27.39,5
10000409,"GE 4 Foot Flourescent Tube, 40 Watt",1,6,14.98,NULL
10000411,Boston 16701 Slimline Battery Pencil Sharpener,2,7,47.82,2
10000414,Avery 503,2,3,51.75,NULL
10000415,Cubify CubeX 3D Printer Double Head Print,3,16,3299.98,5
10000418,Xerox 189,2,12,366.97,NULL
10000419,"Rogers Jumbo File, Granite",2,5,45.26,3
10000420,Logitech G500s Laser Gaming Mouse with Adjustabl,3,11,373.28,NULL
10000421,Global Highback Leather Tilter in Burgundy,1,2,318.46,NULL
10000422,Pencil and Crayon Sharpener,2,7,7.66,NULL
10000432,Acco Side-Punched Conventional Columnar Pads,2,15,13.88,4
10000439,GE DSL Phone Line Filter,3,8,123.97,NULL
10000441,VTech DS6151,3,8,167.98,4
10000443,Avery 501,2,3,8.12,NULL
10000448,Tenex Chairmats For Use With Carpeted Floors,1,6,55.93,3
10000452,Avery 488,2,3,4.09,2
10000454,"Hon Deluxe Fabric Upholstered Stacking Chairs, R",1,2,1024.71,2
10000455,GE 30522EE2,3,8,386.63,1
10000461,"#10- 4 1/8"" x 9 1/2"""" Recycled Envelopes""",2,14,32.51,NULL
10000462,Sanford Pocket Accent Highlighters,2,7,3.2,NULL
10000464,"Multi-Use Personal File Cart and Caster Set, Thr",2,5,57.93,3
10000466,"Memo Book, 100 Message Capacity, 5 3/8” x 11”",2,12,30.33,4
10000468,O'Sullivan 2-Shelf Heavy-Duty Bookcases,1,1,170.03,NULL
10000475,Hunt BOSTON Vista Battery-Operated Pencil Sharpe,2,7,21.76,5
10000476,Avery 05222 Permanent Self-Adhesive File Folder,2,3,12.39,NULL
10000482,Snap-A-Way Black Print Carbonless Ruled Speed Le,2,12,189.7,NULL
10000486,Plantronics HL10 Handset Lifter,3,8,742.33,NULL
10000487,SanDisk Cruzer 4 GB USB Flash Drive,3,11,15.58,4
10000488,Bady BDG101FRU Card Printer,3,16,2319.97,NULL
10000494,Acco Economy Flexible Poly Round Ring Binder,2,9,3.13,4
10000501,Petty Cash Envelope,2,12,83.57,NULL
10000513,High-Back Leather Manager's Chair,1,2,670.75,NULL
10000520,Xerox 201,2,12,22.68,1
10000526,Vtech CS6719,3,8,531.14,NULL
10000528,Xerox 1981,2,12,23.76,3
10000532,Advantus Rolling Drawer Organizers,2,5,242.42,NULL
10000533,Southworth Parchment Paper & Envelopes,2,12,13.73,NULL
10000538,"Boston Model 1800 Electric Pencil Sharpener, Gra",2,7,67.56,NULL
10000545,GBC Ibimaster 500 Manual ProClick Binding System,2,9,1319.03,1
10000546,Avery Durable Binders,2,9,8.19,3
10000550,Stacking Trays by OIC,1,6,10.7,2
10000551,Array Memo Cubes,2,12,8.29,NULL
10000552,Xerox 200,2,12,12.96,NULL
10000553,"Metal Folding Chairs, Beige, 4/Carton",1,2,63.35,2
10000556,Xerox 208,2,12,15.55,1
10000560,Samsung Galaxy S III - 16GB - pebble blue (T-Mob,3,8,769.97,2
10000563,Fellowes Bankers Box Stor/Drawer Steel Plus,2,5,138.88,1
10000565,Easy-staple paper,2,12,111.96,3
10000575,"Wirebound Message Books, Four 2 3/4 x 5 White Fo",2,12,26.09,5
10000577,Bretford CR4500 Series Slim Rectangular Table,1,4,1012.71,1
10000580,Logitech G13 Programmable Gameboard with LCD Dis,3,11,261.3,4
10000586,AT&T SB67148 SynJ,3,8,105.58,NULL
10000587,"Array Parchment Paper, Assorted Colors",2,12,13.1,3
10000588,Newell 345,2,7,50.79,NULL
10000591,Avery Binder Labels,2,9,5.25,4
10000597,Lexmark S315 Color Inkjet Printer,3,16,149.98,NULL
10000604,Home/Office Personal File Carts,2,5,184.22,NULL
10000611,Binder Clips by OIC,2,13,2.81,NULL
10000615,"SimpliFile Personal File, Black Granite, 15w x 6",2,5,59.02,2
10000621,"OIC Colored Binder Clips, Assorted Sizes",2,13,25.42,1
10000624,OIC Binder Clips,2,13,15.21,5
10000629,9-3/4 Diameter Round Wall Clock,1,6,62.51,NULL
10000632,Satellite Sectional Post Binders,2,9,89.42,3
10000642,"Tennsco Lockers, Gray",2,5,67.13,NULL
10000646,Premier Automatic Letter Opener,2,15,721.11,2
10000649,Hanging Personal Folder File,2,5,47.1,1
10000657,"Binney & Smith inkTank Desk Highlighter, Chisel",2,7,12.47,3
10000658,Newell 324,2,7,34.07,NULL
10000665,"Global Airflow Leather Mesh Back Chair, Black",1,2,461.99,4
10000666,Surelock Post Binders,2,9,65.7,2
10000672,"Executive Impressions 10"" Spectator Wall Clock""",1,6,47.04,NULL
10000673,Plantronics Voyager Pro HD - Bluetooth Headset,3,8,138.64,4
10000676,Fellowes Econo/Stor Drawers,2,5,193.86,NULL
10000688,Chromcraft Bull-Nose Wood Round Conference Table,1,4,544.62,2
10000689,"Fellowes Strictly Business Drawer File, Letter/L",2,5,642.27,4
10000692,Fellowes Mighty 8 Compact Surge Protector,2,10,62.83,NULL
10000696,Holmes Odor Grabber,2,10,42.84,4
10000697,"TOPS Voice Message Log Book, Flash Format",2,12,19.04,1
10000710,Maxell DVD-RAM Discs,3,11,131.84,2
10000711,"Hon Metal Bookcases, Gray",1,1,638.82,3
10000716,DIXON Ticonderoga Erasable Checking Pencils,2,7,8.37,4
10000719,"DAX Cubicle Frames, 8-1/2 x 11",1,6,17.14,4
10000723,"Deflect-o EconoMat Studded, No Bevel Mat for Low",1,6,118.45,1
10000726,"Black Print Carbonless Snap-Off Rapid Letter, 8",2,12,9.11,NULL
10000730,Samsung Galaxy S4 Active,3,8,499.99,1
10000732,Eldon 200 Class Desk Accessories,1,6,20.41,2
10000735,Staples,2,13,7.39,2
10000740,Xerox 1982,2,12,95.93,NULL
10000743,Xerox 1977,2,12,33.4,2
10000749,Office Star - Ergonomic Mid Back Chair with 2-Wa,1,2,579.14,NULL
10000752,Texas Instrument TI-15 Fraction Calculator,3,16,30.35,NULL
10000755,Eldon Expressions Mahogany Wood Desk Collection,1,6,24.96,NULL
10000756,Storex DuraTech Recycled Plastic Frosted Binders,2,9,9.04,NULL
10000758,DAX Natural Wood-Tone Poster Frame,1,6,95.33,4
10000760,Eldon Fold 'N Roll Cart System,2,5,44.73,NULL
10000771,"Eldon 200 Class Desk Accessories, Smoke",1,6,43.96,NULL
10000773,Insertable Tab Post Binder Dividers,2,9,8.55,NULL
10000777,"Companion Letter/Legal File, Black",2,5,143.49,1
10000778,GBC VeloBinder Electric Binding Machine,2,9,141.14,NULL
10000780,O'Sullivan Plantations 2-Door Library in Landver,1,1,744.96,NULL
10000781,"#10- 4 1/8"" x 9 1/2"""" Recycled Envelopes""",2,14,26.22,3
10000785,Global Ergonomic Managers Chair,1,2,522.83,1
10000788,Xerox 210,2,12,15.98,1
10000791,"Wirebound Message Books, Four 2 3/4 x 5 Forms pe",2,12,33.39,2
10000794,"Eldon Stackable Tray, Side-Load, Legal, Smoke",1,6,18.28,4
10000798,2300 Heavy-Duty Transfer File Systems by Perma,2,5,84.93,NULL
10000799,Col-Erase Pencils with Erasers,2,7,18.24,3
10000804,Hoover Portapower Portable Vacuum,2,10,10.3,2
10000806,Xerox 1934,2,12,279.9,NULL
10000809,Xerox 206,2,12,8.64,2
10000817,Manco Dry-Lighter Erasable Highlighter,2,7,24.32,NULL
10000823,Newell 307,2,7,7.82,NULL
10000828,Avanti 4.4 Cu. Ft. Refrigerator,2,10,561.03,1
10000829,Avery Non-Stick Binders,2,9,13.17,3
10000831,Storex Flexible Poly Binders with Double Pockets,2,9,3.61,NULL
10000840,OIC Thumb-Tacks,2,13,1.82,2
10000844,Logitech Gaming G510s - Keyboard,3,11,226.64,NULL
10000847,Global Executive Mid-Back Manager's Chair,1,2,591.66,NULL
10000848,Angle-D Ring Binders,2,9,6.89,2
10000849,Bevis Rectangular Conference Tables,1,4,287.09,NULL
10000863,Novimex Swivel Fabric Task Chair,1,2,342.22,2
10000864,Cisco 9971 IP Video Phone Charcoal,3,16,2134,NULL
10000865,WD My Passport Ultra 500GB Portable External Har,3,11,177,NULL
10000876,Eldon Simplefile Box Office,2,5,40.63,4
10000877,Recycled Steel Personal File for Standard File F,2,5,359.38,2
10000885,Fellowes Desktop Hanging File Manager,2,5,26.86,NULL
10000891,Kensington 7 Outlet MasterPiece HOMEOFFICE Power,2,10,557.26,3
10000892,NETGEAR N750 Dual Band Wi-Fi Gigabit Router,3,11,270,2
10000895,Polycom VVX 310 VoIP phone,3,8,842.35,3
10000896,Newell 329,2,7,16.4,NULL
10000898,Acme Hot Forged Carbon Steel Scissors with Nicke,2,15,69.5,NULL
10000912,Anker 24W Portable Micro USB Car Charger,3,8,35.17,1
10000918,Crate-A-Files,2,5,43.6,3
10000919,Xerox 1918,2,12,155.04,3
10000923,"Belkin SportFit Armband For iPhone 5s/5c, Fuchsi",3,8,61.46,NULL
10000934,"Contico 72""H Heavy-Duty Storage System""",2,5,131.14,NULL
10000936,Acco Hot Clips Clips to Go,2,13,14.25,4
10000940,Newell 343,2,7,10.43,NULL
10000943,Eldon ProFile File 'N Store Portable File Tub Le,2,5,109.1,NULL
10000946,Staple remover,2,15,22.34,3
10000948,"GBC Laser Imprintable Binding System Covers, Des",2,9,27.11,1
10000952,Fiskars Home & Office Scissors,2,15,31.08,2
10000955,Southworth 25% Cotton Granite Paper & Envelopes,2,12,15.7,4
10000962,"Acco Flexible ACCOHIDE Square Ring Data Binder,",2,9,41.08,2
10000965,"Howard Miller 11-1/2"" Diameter Ridgewood Wall Cl""",1,6,168.8,3
10000971,Hewlett Packard 310 Color Digital Copier,3,17,639.97,3
10000973,Avery 502,2,3,7.56,4
10000977,Ibico Plastic Spiral Binding Combs,2,9,132.45,2
10000984,Panasonic KX-TG9471B,3,8,799.64,1
10000988,Hon Olson Stacker Stools,1,2,627.61,1
10000990,Imation Bio 2GB USB Flash Drive Imation Corp,3,11,655.9,2
10000992,"Acco Clips to Go Binder Clips, 24 Clips in Two S",2,13,17.75,NULL
10000994,Xerox 1915,2,12,306.16,NULL
10001005,Honeywell Quietcare HEPA Air Cleaner,2,10,173.03,5
10001013,Logitech ClearChat Comfort/USB Headset H390,3,11,84.94,NULL
10001016,Canon PC170 Desktop Personal Copier,3,16,287.91,NULL
10001019,Xerox 1884,2,12,42.62,NULL
10001022,SANFORD Liquid Accent Tank-Style Highlighters,2,7,5.68,NULL
10001026,"Sanford Uni-Blazer View Highlighters, Chisel Tip",2,7,12.1,3
10001028,Staple envelope,2,14,28.75,4
10001033,Xerox 1893,2,12,262.34,NULL
10001034,Eldon File Chest Portable File,2,5,79.4,NULL
10001036,Cardinal EasyOpen D-Ring Binders,2,9,22.48,3
10001037,"DAX Charcoal/Nickel-Tone Document Frame, 5 x 7",1,6,13.27,NULL
10001039,KI Adjustable-Height Table,1,4,141.86,4
10001044,"BOSTON Ranger #55 Pencil Sharpener, Black",2,7,72.12,NULL
10001045,Permanent Self-Adhesive File Folder Labels for T,2,3,7.83,NULL
10001046,Canon Imageclass D680 Copier / Fax,3,17,1889.97,NULL
10001047,"3D Systems Cube Printer, 2nd Generation, Magenta",3,16,9099.93,NULL
10001051,HTC One,3,8,319.97,4
10001058,Sanyo 2.5 Cubic Foot Mid-Size Office Refrigerato,2,10,652.89,4
10001061,Apple iPhone 5C,3,8,429.95,NULL
10001071,GBC ProClick Punch Binding System,2,9,236.72,3
10001072,"GBC Clear Cover, 8-1/2 x 11, unpunched, 25 cover",2,9,34.11,NULL
10001074,Round Specialty Laser Printer Labels,2,3,56.8,NULL
10001078,"Acco PRESSTEX Data Binder with Storage Hooks, Da",2,9,22.59,4
10001079,Polycom SoundPoint Pro SE-225 Corded phone,3,8,539.42,NULL
10001085,3M Polarizing Light Filter Sleeves,1,6,41.03,NULL
10001090,Micro Innovations Wireless Classic Keyboard with,3,11,47.98,2
10001098,Acco D-Ring Binder w/DublLock,2,9,33.13,NULL
10001099,Staple envelope,2,14,22.82,2
10001101,Sony 16GB Class 10 Micro SDHC R40 Memory Card,3,11,64.45,4
10001107,"GBC White Gloss Covers, Plain Front",2,9,29.54,NULL
10001109,Logitech Trackman Marble Mouse,3,11,68.97,4
10001114,Microsoft Wireless Mobile Mouse 4000,3,11,199.95,1
10001116,"Wilson Jones 1"" Hanging DublLock Ring Binders""",2,9,14.38,NULL
10001118,"Binney & Smith Crayola Metallic Crayons, 16-Colo",2,7,8.09,2
10001120,Ibico EPK-21 Electric Binding System,2,9,5669.97,1
10001124,Belkin 8 Outlet SurgeMaster II Gold Surge Protec,2,10,647.84,NULL
10001125,Xerox 1988,2,12,97.07,4
10001127,HP Designjet T520 Inkjet Large Format Printer -,3,16,2624.99,5
10001130,"Quartet Alpha White Chalk, 12/Pack",2,7,8.84,4
10001132,"Acco PRESSTEX Data Binder with Storage Hooks, Da",2,9,24.75,NULL
10001135,"Brites Rubber Bands, 1 1/2 oz. Box",2,13,3.56,NULL
10001137,"#10 Gummed Flap White Envelopes, 100/Box",2,14,10.46,1
10001141,Manila Recycled Extra-Heavyweight Clasp Envelope,2,14,30.74,NULL
10001142,First Data FD10 PIN Pad,3,11,367.35,3
10001144,Xerox 1913,2,12,147.94,3
10001153,Ibico Recycled Grain-Textured Covers,2,9,20.72,1
10001154,Bionaire Personal Warm Mist Humidifier/Vaporizer,2,10,187.56,NULL
10001158,"Avery Address/Shipping Labels for Typewriters, 4",2,3,28.56,1
10001165,Acme Elite Stainless Steel Scissors,2,15,18.9,3
10001172,"Tennsco Lockers, Sand",2,5,104.9,NULL
10001175,Avery 514,2,3,14.4,NULL
10001177,Newell 349,2,7,13.12,NULL
10001184,Xerox 1903,2,12,26.91,NULL
10001185,Advantus Employee of the Month Certificate Frame,1,6,185.58,4
10001190,Global Deluxe High-Back Office Chair in Storm,1,2,217.58,1
10001191,Canvas Sectional Post Binders,2,9,76.38,2
10001198,Avaya 4621SW VoIP phone,3,8,177.48,3
10001204,Xerox 1972,2,12,9.15,3
10001205,Belkin 5 Outlet SurgeMaster Power Centers,2,10,266.95,5
10001212,Kleencut Forged Office Shears by Acme United Cor,2,15,6.24,3
10001216,Newell 339,2,7,13.9,3
10001218,Fiskars Softgrip Scissors,2,15,51.24,NULL
10001219,"#10- 4 1/8"" x 9 1/2"""" Security-Tint Envelopes""",2,14,17.11,3
10001221,"Dixon Ticonderoga Erasable Colored Pencil Set, 1",2,7,37.67,3
10001225,Staple remover,2,15,8.24,4
10001227,Newell 338,2,7,8.82,1
10001229,Staples,2,13,8.64,3
10001231,"Sanford EarthWrite Recycled Pencils, Medium Soft",2,7,4.2,3
10001242,APC 7 Outlet Network SurgeArrest Surge Protector,2,10,167.39,1
10001249,Avery Heavy-Duty EZD View Binder with Locking Ri,2,9,29.98,NULL
10001254,Jabra BIZ 2300 Duo QD Duo Corded Headset,3,8,431.76,2
10001266,Memorex Micro Travel Drive 8 GB,3,11,34.66,5
10001270,Harbour Creations Steel Folding Chair,1,2,299,NULL
10001271,Eureka The Boss Cordless Rechargeable Stick Vac,2,10,203.92,4
10001272,"Mini 13-1/2 Capacity Data Binder Rack, Pearl",2,5,392.61,1
10001274,Loose Memo Sheets,2,12,9.12,NULL
10001281,Computer Printout Paper with Letter-Trim Fine Pe,2,12,191.6,NULL
10001284,Enermax Briskie RF Wireless Keyboard and Mouse C,3,11,96.92,NULL
10001289,White Computer Printout Paper by Universal,2,12,179.58,1
10001290,Executive Impressions Supervisor Wall Clock,1,6,336.8,3
10001291,"Tenex Personal Self-Stacking Standard File Box,",2,5,36.35,1
10001294,Fellowes Binding Cases,2,9,53.82,1
10001295,Computer Printout Paper with Letter-Trim Perfora,2,12,64.49,2
10001297,Avery 473,2,3,41.4,3
10001299,Polycom CX300 Desktop Phone USB VoIP phone,3,8,299.98,5
10001300,iKross Bluetooth Portable Keyboard + Cell Phone,3,8,50.28,4
10001303,Holmes Cool Mist Humidifier for the Whole House,2,10,29.18,4
10001305,Panasonic KX TS208W Corded phone,3,8,440.91,NULL
10001308,GBC Standard Plastic Binding Systems' Combs,2,9,10.99,5
10001314,Case Logic 2.4GHz Wireless Keyboard,3,11,153.3,NULL
10001315,Newell 310,2,7,4.34,2
10001317,Avery 520,2,3,9.32,NULL
10001321,"Decoflex Hanging Personal Folder File, Blue",2,5,45.23,4
10001325,Sterilite Officeware Hinged File Box,2,5,31.74,2
10001328,"Personal Filing Tote with Lid, Black/Gray",2,5,64.36,NULL
10001332,"Acco Banker's Clasps, 5 3/4""-Long""",2,13,7.1,4
10001335,"White Business Envelopes with Contemporary Seam,",2,14,46.49,4
10001336,Digium D40 VoIP phone,3,8,399.87,NULL
10001337,O'Sullivan Living Dimensions 2-Shelf Bookcases,1,1,356.89,NULL
10001357,Xerox 1886,2,12,143.7,3
10001359,GBC DocuBind TL300 Electric Binding System,2,9,1542.82,3
10001366,Staple holder,2,10,43.92,NULL
10001370,Sensible Storage WireTech Storage Systems,2,5,262.62,1
10001374,"BIC Brite Liner Highlighters, Chisel Tip",2,7,24.62,NULL
10001383,Logitech Wireless Touch Keyboard K400,3,11,49.98,3
10001391,Kensington 6 Outlet MasterPiece HOMEOFFICE Power,2,10,406.08,NULL
10001404,Avery 517,2,3,11.07,2
10001414,Decoflex Hanging Personal Folder File,2,5,46.26,NULL
10001415,Staple envelope,2,14,13.02,1
10001418,Carina Media Storage Towers in Natural & Black,2,5,213.43,4
10001419,Newell 325,2,7,14.45,1
10001424,Dax Clear Box Frame,1,6,12.22,NULL
10001425,Mophie Juice Pack Helium for iPhone,3,8,203.97,NULL
10001427,Newell 330,2,7,17.94,2
10001432,Enermax Aurora Lite Keyboard,3,11,312.6,NULL
10001433,Cisco Small Business SPA 502G VoIP phone,3,8,287.19,1
10001434,"Strathmore #10 Envelopes, Ultimate White",2,14,105.42,3
10001445,Imation USB 2.0 Swivel Flash Drive USB flash dri,3,11,9.09,NULL
10001446,Newell 309,2,7,28.87,NULL
10001448,Anker Astro 15000mAh USB Portable Charger,3,8,149.97,NULL
10001449,Hewlett Packard LaserJet 3310 Copier,3,17,1759.97,NULL
10001450,Rediform S.O.S. Phone Message Books,2,12,19.92,1
10001457,White GlueTop Scratch Pads,2,12,93.25,2
10001459,Samsung Galaxy Mega 6.3,3,8,2099.95,NULL
10001460,Plastic Binding Combs,2,9,48.48,NULL
10001461,HP Office Paper (20Lb. and 87 Bright),2,12,26.72,3
10001465,SanDisk Cruzer 64 GB USB Flash Drive,3,11,98.79,2
10001471,Strathmore Photo Frame Cards,2,12,43.86,NULL
10001474,Avery 477,2,3,198.44,1
10001476,Steel Personal Filing/Posting Tote,2,5,166.89,2
10001482,Office Star - Mesh Screen back chair with Vinyl,1,2,305.62,2
10001487,Eldon Expressions Wood and Plastic Desk Accessor,1,6,34.9,NULL
10001490,"Hot File 7-Pocket, Floor Stand",2,5,654.39,NULL
10001492,"Acco Six-Outlet Power Strip, 4' Cord Length",2,10,31.03,2
10001494,Polycom CX600 IP Phone VoIP phone,3,8,1799.7,NULL
10001496,Standard Rollaway File with Lock,2,5,450.47,NULL
10001505,"Perma STOR-ALL Hanging File Box, 13 1/8""W x 12 1""",2,5,23.12,3
10001510,Deluxe Heavy-Duty Vinyl Round Ring Binder,2,9,60.51,1
10001511,Space Solutions Commercial Steel Shelving,2,5,374.97,NULL
10001519,O'Sullivan 3-Shelf Heavy-Duty Bookcases,1,1,180.23,3
10001520,"Lesro Sheffield Collection Coffee Table, End Tab",1,4,164.15,5
10001522,"Gould Plastics 18-Pocket Panel Bin, 34w x 5-1/4d",2,5,223.84,1
10001524,GBC Premium Transparent Covers with Diagonal Lin,2,9,42.8,1
10001525,"Acco Pressboard Covers with Storage Hooks, 14 7/",2,9,11.52,3
10001527,Plantronics MX500i Earset,3,8,85.9,1
10001532,Brown Kraft Recycled Envelopes,2,14,62.26,NULL
10001534,Xerox 230,2,12,45.36,1
10001536,Spigen Samsung Galaxy S5 Case Wallet,3,8,55.5,1
10001542,SanDisk Cruzer 16 GB USB Flash Drive,3,11,27.55,1
10001543,GBC VeloBinder Manual Binding System,2,9,116.6,1
10001545,Newell 326,2,7,5.63,3
10001546,Dana Swing-Arm Lamps,1,6,17.09,NULL
10001547,Newell 311,2,7,9.83,4
10001557,Pyle PMP37LED,3,8,357.56,1
10001558,Acco Perma 4000 Stacking Storage Drawers,2,5,43.03,4
10001560,"Adams Telephone Message Books, 5 1/4” x 11”",2,12,19.02,4
10001561,Stockwell Push Pins,2,13,11.48,5
10001563,Belkin Premiere Surge Master II 8-outlet surge p,2,10,155.45,2
10001570,Cisco Desktop Collaboration Experience DX650 IP,3,16,385.8,1
10001571,Sharp 1540cs Digital Laser Copier,3,17,659.98,2
10001573,American Pencil,2,7,8.54,1
10001574,Acme Value Line Scissors,2,15,6.57,3
10001575,GBC Linen Binding Covers,2,9,27.1,NULL
10001578,Polycom SoundStation2 EX Conference phone,3,8,890.89,NULL
10001588,"Deflect-o SuperTray Unbreakable Stackable Tray,",1,6,97.26,3
10001591,Advantus Panel Wall Certificate Holder - 8.5x11,1,6,65.06,1
10001597,"Wilson Jones Ledger-Size, Piano-Hinge Binder, 2""""",2,9,130.45,NULL
10001601,"Sauder Mission Library with Doors, Fruitwood Fin",1,1,423.06,NULL
10001606,Logitech Wireless Performance Mouse MX for PC an,3,11,186.64,3
10001608,"Hon Metal Bookcases, Black",1,1,193.07,2
10001609,Tops Wirebound Message Log Books,2,12,13.38,2
10001613,Avery File Folder Labels,2,3,7.48,NULL
10001622,"Ampad Poly Cover Wirebound Steno Book, 6"" x 9"""" A""",2,12,9.08,1
10001626,"Commercial WindTunnel Clean Air Upright Vacuum,",2,10,11.67,1
10001628,Acco Data Flex Cable Posts For Top & Bottom Load,2,9,31.29,NULL
10001634,Wilson Jones Active Use Binders,2,9,19.17,3
10001635,KeyTronic KT400U2 - Keyboard - Black,3,11,58.59,5
10001636,Ibico Plastic and Wire Spiral Binding Combs,2,9,26.97,NULL
10001639,Xerox 203,2,12,22.03,2
10001641,Avery 518,2,3,17.76,NULL
10001658,GBC Standard Therm-A-Bind Covers,2,9,40.49,3
10001661,Xerox 1922,2,12,11.95,2
10001662,Rogers Handheld Barrel Pencil Sharpener,2,7,7.3,2
10001664,Acme Office Executive Series Stainless Steel Tri,2,15,19.28,2
10001667,Great White Multi-Use Recycled Paper (20Lb. and,2,12,30.69,4
10001670,Vinyl Sectional Post Binders,2,9,84.44,4
10001676,Hon 61000 Series Interactive Training Tables,1,4,58.87,NULL
10001679,GBC Instant Index System for Binding Systems,2,9,11.99,3
10001681,Lexmark MarkNet N8150 Wireless Print Server,3,16,482.34,2
10001683,Lumber Crayons,2,7,32.99,NULL
10001685,Easy-staple paper,2,12,50.19,4
10001700,Panasonic KX-TG6844B Expandable Digital Cordless,3,8,145.18,NULL
10001705,Bush Advantage Collection Round Conference Table,1,4,372.05,4
10001706,Longer-Life Soft White Bulbs,1,6,14.16,1
10001708,Office Star - Contemporary Swivel Chair with Pad,1,2,869.37,4
10001712,Xerox 1948,2,12,39.96,NULL
10001713,"Gould Plastics 9-Pocket Panel Bin, 18-3/8w x 5-1",2,5,190.76,2
10001718,GBC DocuBind P50 Personal Binding Machine,2,9,223.93,1
10001721,Trimflex Flexible Post Binders,2,9,51.31,3
10001731,Acrylic Self-Standing Desk Frames,1,6,6.41,NULL
10001736,Xerox 1880,2,12,165.38,NULL
10001749,Jiffy Padded Mailers with Self-Seal Closure,2,14,29.81,4
10001750,Samsung Rugby III,3,8,228.76,1
10001752,Hammermill CopyPlus Copy Paper (20Lb. and 84 Bri,2,12,14.94,2
10001754,Stockwell Gold Paper Clips,2,13,4.05,1
10001756,"Eldon Expressions Desk Accessory, Wood Photo Fra",1,6,32.37,NULL
10001757,Pressboard Hanging Data Binders for Unburst Shee,2,9,7.38,2
10001758,Wilson Jones 14 Line Acrylic Coated Pressboard D,2,9,53.4,4
10001759,"Acco Pressboard Covers with Storage Hooks, 14 7/",2,9,15.24,2
10001760,Bose SoundLink Bluetooth Speaker,3,8,676.6,3
10001761,Avery Hi-Liter Smear-Safe Highlighters,2,7,29.2,3
10001763,Xerox 1896,2,12,24.97,NULL
10001765,Wilson Jones Heavy-Duty Casebound Ring Binders w,2,9,86.6,NULL
10001766,Canon PC940 Copier,3,17,3149.93,4
10001767,SanDisk Ultra 64 GB MicroSDHC Class 10 Memory Ca,3,11,147.96,1
10001768,Hon Racetrack Conference Tables,1,4,853.16,3
10001770,Economy #2 Pencils,2,7,9.31,3
10001771,Avery 513,2,3,24.23,NULL
10001772,Memorex Mini Travel Drive 16 GB USB 2.0 Flash Dr,3,11,106.46,1
10001776,"Wirebound Message Books, Four 2 3/4"" x 5"""" Forms""",2,12,28.92,5
10001780,Tennsco 16-Compartment Lockers with Coat Rack,2,5,1641.32,4
10001787,Wilson Jones Four-Pocket Poly Binders,2,9,20.93,1
10001790,Xerox 1910,2,12,153.73,2
10001795,ClearOne CHATAttach 160 - speaker phone,3,8,1983.97,3
10001797,"Safco Chair Connectors, 6/Carton",1,2,126.98,NULL
10001798,Bush Somerset Collection Bookcase,1,1,261.96,1
10001800,Xerox 220,2,12,20.08,NULL
10001802,Hon Every-Day Chair Series Swivel Task Chairs,1,2,254.06,4
10001804,Xerox 195,2,12,23.04,1
10001811,"Atlantic Metals Mobile 5-Shelf Bookcases, Custom",1,1,727.37,3
10001815,Xerox 1885,2,12,240.2,2
10001817,Wilson Electronics DB Pro Signal Booster,3,8,1432,4
10001819,Innergie mMini Combo Duo USB Travel Charging Kit,3,8,98.97,1
10001835,Jawbone JAMBOX Wireless Bluetooth Speaker,3,8,695.15,2
10001837,"SAFCO Mobile Desk Side File, Wire Frame",2,5,85.52,NULL
10001843,Staples,2,13,9.88,NULL
10001847,Eldon Image Series Black Desk Accessories,1,6,12.42,2
10001852,"Eldon Regeneration Recycled Desk Accessories, Sm",1,6,5.39,NULL
10001854,Office Star - Professional Matrix Back Chair wit,1,2,1140.68,NULL
10001857,Balt Solid Wood Rectangular Table,1,4,207.02,3
10001860,BIC Liqua Brite Liner,2,7,30.53,NULL
10001861,"Floodlight Indoor Halogen Bulbs, 1 Bulb per Pack",1,6,59.75,2
10001866,Bevis Round Conference Room Tables and Bases,1,4,143.43,2
10001867,Eldon Expressions Punched Metal & Wood Desk Acce,1,6,40.43,NULL
10001868,Prang Dustless Chalk Sticks,2,7,4.95,3
10001870,Xerox 202,2,12,27.21,3
10001874,Logitech Wireless Anywhere Mouse MX for PC and M,3,11,335.94,1
10001876,"Computer Room Manger, 14""""",1,6,119.09,1
10001878,Xerox 1891,2,12,269,4
10001883,"Alliance Super-Size Bands, Assorted Sizes",2,13,23.34,2
10001890,Avery Poly Binder Pockets,2,9,6.8,NULL
10001891,Global Deluxe Office Fabric Chairs,1,2,249.54,1
10001897,Model L Table or Wall-Mount Pencil Sharpener,2,7,68.36,NULL
10001900,"DXL Angle-View Binders with Locking Rings, Black",2,9,21.56,NULL
10001908,Logitech Wireless Headset h800,3,11,149.98,1
10001915,Peel-Off China Markers,2,7,32.96,1
10001919,"OIC #2 Pencils, Medium Soft",2,7,4.81,NULL
10001922,Storex Dura Pro Binders,2,9,30.65,NULL
10001924,iHome FM Clock Radio with Lightning Dock,3,8,195.97,1
10001937,Xerox 21,2,12,12.96,5
10001943,Canon PC-428 Personal Copier,3,17,1599.92,2
10001944,Wi-Ex zBoost YX540 Cellular Phone Signal Booster,3,8,452.44,2
10001949,Cisco SPA 501G IP Phone,3,8,213.48,NULL
10001953,Boston 1645 Deluxe Heavier-Duty Electric Pencil,2,7,134.14,1
10001955,Newell 319,2,7,58.19,2
10001956,Microsoft Arc Touch Mouse,3,11,239.8,NULL
10001958,Stanley Bostitch Contemporary Electric Pencil Sh,2,7,35.09,2
10001962,Black & Decker Filter for Double Action Dustbust,2,10,29.36,5
10001963,Tennsco Regal Shelving Units,2,5,507.05,4
10001967,Telescoping Adjustable Floor Lamp,1,6,22.38,2
10001973,Office Star Flex Back Scooter Chair with White F,1,2,316.29,4
10001977,Xerox 194,2,12,105.41,1
10001979,Dana Halogen Swing-Arm Architect Lamp,1,6,188.46,1
10001986,"Dana Fluorescent Magnifying Lamp, White, 36""""",1,6,81.56,2
10001988,Bulldog Table or Wall-Mount Pencil Sharpener,2,7,17.97,4
10001989,Premium Transparent Presentation Covers by GBC,2,9,63.99,2
10001994,"Ink Jet Note and Greeting Cards, 8-1/2"" x 5-1/2""""""",2,12,38.21,NULL
10001998,Logitech LS21 Speaker System - PC Multimedia - 2,3,11,26.65,NULL
10002003,Ibico Presentation Index for Binding Systems,2,9,10.05,NULL
10002005,Xerox 225,2,12,24.19,NULL
10002006,Memorex Micro Travel Drive 16 GB,3,11,63.96,NULL
10002011,Smead Adjustable Mobile File Trolley with Lockab,2,5,1970.19,2
10002012,Wilson Jones Easy Flow II Sheet Lifters,2,9,3.48,2
10002017,SAFCO Optional Arm Kit for Workspace Cribbage St,1,2,34.63,NULL
10002018,AmazonBasics 3-Button USB Wired Mouse,3,11,22.37,NULL
10002024,HON 5400 Series Task Chairs for Big and Tall,1,2,1518.79,NULL
10002026,Avery Arch Ring Binders,2,9,143.79,2
10002033,Konftel 250 Conference phone - Charcoal black,3,8,598.12,NULL
10002034,Avery 478,2,3,24.55,1
10002036,Xerox 1930,2,12,32.4,NULL
10002041,"Bevis Round Conference Table Top, X-Base",1,4,462.57,4
10002043,Avery 489,2,3,32.43,NULL
10002045,"Executive Impressions 14""""",1,6,77.8,4
10002053,"Premium Writing Pencils, Soft, #2 by Central Ass",2,7,8.49,NULL
10002067,Newell 334,2,7,57.53,3
10002071,Fellowes Black Plastic Comb Bindings,2,9,7.99,NULL
10002072,Cardinal Slant-D Ring Binders,2,9,25.63,NULL
10002075,AT&T EL51110 DECT,3,8,377.97,3
10002076,Microsoft Natural Keyboard Elite,3,11,479.04,2
10002084,Hon Mobius Operator's Chair,1,2,557.55,2
10002085,Clarity 53712,3,8,85.78,2
10002088,Nu-Dell Float Frame 11 x 14 1/2,1,6,21.55,5
10002095,Hewlett Packard 610 Color Digital Copier / Print,3,17,999.98,5
10002105,Xerox 223,2,12,19.44,NULL
10002107,Eldon Pizzaz Desk Accessories,1,6,9.81,1
10002111,"Master Caster Door Stop, Large Brown",1,6,36.4,3
10002115,Plantronics 81402,3,8,149.57,NULL
10002116,"Tenex Carpeted, Granite-Look or Clear Contempora",1,6,113.13,3
10002118,"1.7 Cubic Foot Compact ""Cube"""" Office Refrigerato""",2,10,364.28,1
10002120,Xerox 1889,2,12,131.9,3
10002126,Hon Deluxe Fabric Upholstered Stacking Chairs,1,2,609.95,4
10002133,"Wilson Jones Elliptical Ring 3 1/2"" Capacity Bin""",2,9,34.24,NULL
10002134,Rosewill 107 Normal Keys USB Wired Standard Keyb,3,11,64.7,2
10002135,Boston Heavy-Duty Trimline Electric Pencil Sharp,2,7,276.34,3
10002137,"Southworth 100% Résumé Paper, 24lb.",2,12,49.48,2
10002157,Artistic Insta-Plaque,1,6,47.04,2
10002167,Imation 8gb Micro Traveldrive Usb 2.0 Flash Driv,3,11,33,2
10002170,ClearSounds CSC500 Amplified Spirit Phone Corded,3,8,83.98,5
10002178,Cisco CP-7937G Unified IP Conference Station Pho,3,16,695.7,NULL
10002185,QVS USB Car Charger 2-Port 2.1Amp for iPod/iPhon,3,8,18.99,1
10002189,Acme Rosewood Handle Letter Opener,2,15,14.55,NULL
10002194,Cardinal Hold-It CD Pocket,2,9,4.79,4
10002202,"Atlantic Metals Mobile 2-Shelf Bookcases, Custom",1,1,200.01,1
10002203,Eureka Disposable Bags for Sanitaire Vibra Groom,2,10,1.62,NULL
10002205,File Shuttle I and Handi-File,2,5,87.55,3
10002206,"Bush Saratoga Collection 5-Shelf Bookcase, Hanov",1,1,119.83,NULL
10002210,Epson TM-T88V Direct Thermal Printer - Monochrom,3,16,653,2
10002214,X-Rack File for Hanging Folders,2,5,36.97,NULL
10002215,"Wilson Jones Hanging View Binder, White, 1""""",2,9,19.88,NULL
10002217,Imation Clip USB flash drive - 8 GB,3,11,94,4
10002221,12 Colored Short Pencils,2,7,5.2,NULL
10002222,Staple holder,2,10,60.69,1
10002225,"Square Ring Data Binders, Rigid 75 Pt. Covers, 1",2,9,49.53,4
10002228,"Bevis Traditional Conference Table Top, Plinth B",1,4,550.04,2
10002240,Panasonic KP-150 Electric Pencil Sharpener,2,7,75.48,NULL
10002245,Xerox 1895,2,12,25.41,NULL
10002246,"Wirebound Four 2-3/4 x 5 Forms per Page, 400 Set",2,12,19.67,3
10002250,Things To Do Today Pad,2,12,22.3,NULL
10002254,Xerox 1883,2,12,105.52,1
10002255,Newell 346,2,7,6.52,5
10002257,"Eldon Spacemaker Box, Quick-Snap Lid, Clear",2,7,9.35,2
10002259,"Geographics Note Cards, Blank, White, 8 1/2"" x 1""",2,12,29.09,NULL
10002271,Smead Alpha-Z Color-Coded Second Alphabetical La,2,3,15.4,5
10002275,Mitel 5320 IP Phone VoIP phone,3,8,503.97,4
10002276,Safco Steel Mobile File Cart,2,5,150.04,3
10002287,"Eureka Sanitaire  Multi-Pro Heavy-Duty Upright,",2,10,12.23,NULL
10002289,"Safco Wire Cube Shelving System, For Use as 4 or",2,5,111.23,3
10002292,"Sauder Facets Collection Locker/File Cabinet, Sk",2,5,593.57,NULL
10002293,Anker 36W 4-Port USB Wall Charger Travel Power A,3,8,43.98,4
10002298,"Rubbermaid ClusterMat Chairmats, Mat Size- 66"" x""",1,6,599.29,NULL
10002304,"Global Stack Chair without Arms, Black",1,2,116.04,NULL
10002305,KeyTronic E03601U1 - Keyboard - Beige,3,11,72,3
10002309,Avery Heavy-Duty EZD  Binder With Locking Rings,2,9,20.46,1
10002313,Canon PC1080F Personal Copier,3,17,1799.97,1
10002319,Xerox 1944,2,12,120.15,4
10002320,Hon Pagoda Stacking Chairs,1,2,1829.58,2
10002323,SanDisk Ultra 32 GB MicroSDHC Class 10 Memory Ca,3,11,94.29,NULL
10002333,"Universal Ultra Bright White Copier/Laser Paper,",2,12,15.55,5
10002344,"Carina 42""Hx23 3/4""""W Media Storage Unit""",2,5,229.44,4
10002345,HP Standard 104 key PS/2 Keyboard,3,11,52.2,NULL
10002353,GBC VeloBind Cover Sets,2,9,11.58,NULL
10002356,Bevis Boat-Shaped Conference Table,1,4,419.37,5
10002364,"Eldon Expressions Wood Desk Accessories, Oak",1,6,17.22,NULL
10002370,"Sortfiler Multipurpose Personal File Organizer,",2,5,51.33,NULL
10002372,Office Star - Ergonomically Designed Knee Chair,1,2,249.01,3
10002375,Newell 351,2,7,12.46,3
10002379,Eldon Econocleat Chair Mats for Low Pile Carpets,1,6,124.41,5
10002381,Avery 497,2,3,21.56,NULL
10002393,Binder Posts,2,9,7.8,1
10002396,"DAX Copper Panel Document Frame, 5 x 7 Size",1,6,35.22,1
10002398,AT&T 1070 Corded Phone,3,8,312.17,NULL
10002402,Razer Kraken PRO Over Ear PC and Music Headset,3,11,239.97,NULL
10002403,Acco Smartsocket Color-Coded Six-Outlet AC Adapt,2,10,101.22,3
10002406,Pizazz Global Quick File,2,5,47.9,3
10002414,GBC ProClick Spines for 32-Hole Punch,2,9,9.6,3
10002415,Polycom VoiceStation 500 Conference phone,3,8,530.91,NULL
10002421,Embossed Ink Jet Note Cards,2,12,72.22,4
10002428,Fellowes Powershred HS-440 4-Sheet High Security,3,16,1084.93,3
10002429,"Premier Elliptical Ring Binder, Black",2,9,51.74,3
10002432,Wilson Jones Standard D-Ring Binders,2,9,14.17,5
10002437,Recycled Premium Regency Composition Covers,2,9,24.45,NULL
10002444,Recycled Eldon Regeneration Jumbo File,2,5,31.31,1
10002447,AT&T CL83451 4-Handset Telephone,3,8,1029.95,1
10002456,"Master Caster Door Stop, Large Neon Orange",1,6,25.04,2
10002457,Eureka The Boss Plus 12-Amp Hard Box Upright Vac,2,10,259.53,NULL
10002464,HP Office Recycled Paper (20Lb. and 87 Bright),2,12,31.79,NULL
10002467,Dixon Ticonderoga Pencils,2,7,4.77,NULL
10002468,"Plantronics CS 50-USB - headset - Convertible, M",3,8,489.56,2
10002472,3M Office Air Cleaner,2,10,103.92,4
10002473,Maxell 4.7GB DVD-R,3,11,89.68,NULL
10002475,Avery 519,2,3,21.93,2
10002479,Xerox 4200 Series MultiUse Premium Copy Paper (2,2,12,17.64,1
10002483,Motorola Moto X,3,8,815.97,1
10002485,Rogers Deluxe File Chest,2,5,21.98,2
10002486,Eldon Shelf Savers Cubes and Bins,2,5,35.59,NULL
10002495,"Acco Smartsocket Table Surge Protector, 6 Color-",2,10,99.28,1
10002496,Cisco SPA301,3,8,257.38,4
10002498,Clear Mylar Reinforcing Strips,2,9,47.35,NULL
10002499,Xerox 1890,2,12,97.88,1
10002500,Globe Weis Peel & Seel First Class Envelopes,2,14,73.48,5
10002501,Nu-Dell Executive Frame,1,6,77.1,4
10002503,Acme Preferred Stainless Steel Scissors,2,15,19.88,2
10002504,"Tyvek  Top-Opening Peel & Seel Envelopes, Plain",2,14,96.03,1
10002505,Eldon 100 Class Desk Accessories,1,6,8.08,2
10002508,Document Clip Frames,1,6,25.02,NULL
10002518,Kensington 7 Outlet MasterPiece Power Center,2,10,587.33,3
10002522,Acme Kleen Earth Office Shears,2,15,9.31,1
10002530,"Iceberg OfficeWorks 42"" Round Tables""",1,4,452.94,NULL
10002533,BPI Conference Tables,1,4,219.08,NULL
10002534,3.6 Cubic Foot Counter Height Office Refrigerato,2,10,294.62,1
10002537,Acme Box Cutter Scissors,2,15,71.61,4
10002538,Grandstream GXP1160 VoIP phone,3,8,37.91,2
10002545,"Atlantic Metals Mobile 3-Shelf Bookcases, Custom",1,1,908.64,NULL
10002549,Polycom SoundPoint IP 450 VoIP phone,3,8,463.01,5
10002552,Xerox 1958,2,12,12.96,1
10002553,"Electrix Incandescent Magnifying Lamp, Black",1,6,29.32,3
10002555,Nortel Meridian M5316 Digital phone,3,8,336.63,NULL
10002558,Imation Swivel Flash Drive USB flash drive - 8 G,3,11,9.1,3
10002562,Staple magnet,2,5,27.51,NULL
10002563,Adtran 1202752G1,3,8,398.13,4
10002564,OtterBox Defender Series Case - Samsung Galaxy S,3,8,89.97,1
10002567,Logitech G602 Wireless Gaming Mouse,3,11,223.97,NULL
10002571,"Avery Framed View Binder, EZD Ring (Locking), Na",2,9,17.56,NULL
10002573,"Acme 10"" Easy Grip Assistive Scissors""",2,15,65.73,NULL
10002574,"SAFCO Commercial Wire Shelving, Black",2,5,386.79,2
10002581,Xerox 1951,2,12,61.96,4
10002583,Fellowes Neat Ideas Storage Cubes,2,5,58.46,NULL
10002586,Xerox 1970,2,12,19.92,NULL
10002598,"Hon Metal Bookcases, Putty",1,1,212.94,2
10002602,DMI Arturo Collection Mission-style Design Wood,1,2,347.25,2
10002606,Xerox 1928,2,12,25.34,4
10002607,KI Conference Tables,1,4,294.9,NULL
10002609,Avery Hidden Tab Dividers for Binding Systems,2,9,1.59,2
10002613,"Atlantic Metals Mobile 4-Shelf Bookcases, Custom",1,1,1020.89,NULL
10002615,"Dual Level, Single-Width Filing Carts",2,5,620.24,1
10002621,Staple envelope,2,14,18.58,NULL
10002622,"Bush Andora Conference Table, Maple/Graphite Gra",1,4,461.65,5
10002624,Samsung Galaxy S4 Mini,3,8,1503.97,NULL
10002637,Logitech VX Revolution Cordless Laser Mouse for,3,11,1619.91,1
10002645,Hon Rectangular Conference Tables,1,4,534.74,NULL
10002647,"Situations Contoured Folding Chairs, 4/Set",1,2,265.28,3
10002651,Hoover Upright Vacuum With Dirt Cup,2,10,926.49,NULL
10002656,Sanford Liquid Accent Highlighters,2,7,29.92,NULL
10002659,Avoid Verbal Orders Carbonless Minifold Book,2,12,12.17,NULL
10002660,Nortel Networks T7316 E Nt8 B27,3,8,265.16,2
10002666,Southworth 25% Cotton Linen-Finish Paper & Envel,2,12,41.67,1
10002670,Belkin 8-Outlet Premiere SurgeMaster II Surge Pr,2,10,69.48,4
10002676,Colored Push Pins,2,13,6.27,2
10002680,Samsung Galaxy Note 3,3,8,703.97,NULL
10002684,"Acco 7-Outlet Masterpiece Power Center, Wihtout",2,10,510.63,2
10002685,"Executive Impressions 13-1/2"" Indoor/Outdoor Wal""",1,6,28.05,4
10002689,Weyerhaeuser First Choice Laser/Copy Paper (20Lb,2,12,30.24,4
10002701,Alliance Rubber Bands,2,13,5.04,1
10002703,"Tenex Traditional Chairmats for Hard Floors, Ave",1,6,128.9,5
10002704,Boston 1900 Electric Pencil Sharpener,2,7,14.98,1
10002706,Avery Premier Heavy-Duty Binder with Round Locki,2,9,37.12,3
10002709,Xerox 1956,2,12,65.78,4
10002713,"Adams Phone Message Book, 200 Message Capacity,",2,12,34.4,NULL
10002718,Belkin Standard 104 key USB Keyboard,3,11,35.02,NULL
10002726,netTALK DUO VoIP Telephone Service,3,8,158.97,4
10002734,Holmes Harmony HEPA Air Purifier for 17 x 20 Roo,2,10,675.12,2
10002735,GBC Prestige Therm-A-Bind Covers,2,9,105.79,NULL
10002741,Xerox 1980,2,12,25.68,4
10002743,SAFCO Boltless Steel Shelving,2,5,473.5,NULL
10002749,"Wirebound Message Books, 5-1/2 x 4 Forms, 2 or 4",2,12,24.08,4
10002751,Xerox 1920,2,12,11.96,3
10002756,"Tennsco Stur-D-Stor Boltless Shelving, 5 Shelves",2,5,1014.82,3
10002758,"Hon Deluxe Fabric Upholstered Stacking Chairs, S",1,2,634.34,3
10002759,12-1/2 Diameter Round Wall Clock,1,6,55.94,2
10002762,Avery 485,2,3,75.18,2
10002763,Advantus Map Pennant Flags and Round Head Tacks,2,13,14.61,4
10002764,Recycled Pressboard Report Cover with Reinforced,2,9,10.87,NULL
10002765,Fellowes Advanced Computer Series Surge Protecto,2,10,79.47,4
10002766,Prang Drawing Pencil Set,2,7,20.02,2
10002780,Staples,2,13,19.52,3
10002789,LG Exalt,3,8,124.79,1
10002790,Safco Industrial Shelving,2,5,221.55,NULL
10002799,"SlimView Poly Binder, 3/8""""",2,9,15.67,NULL
10002800,Plantronics Audio 478 Stereo USB Headset,3,11,127.47,1
10002804,Faber Castell Col-Erase Pencils,2,7,4.23,NULL
10002807,Motorla HX550 Universal Bluetooth Headset,3,8,87.01,NULL
10002815,Staples,2,13,16.87,NULL
10002818,Panasonic KP-310 Heavy-Duty Electric Pencil Shar,2,7,87.92,2
10002827,Avery Durable Poly Binders,2,9,10.23,1
10002831,"Tyvek  Top-Opening Peel & Seel  Envelopes, Gray",2,14,179.7,NULL
10002833,Newell 322,2,7,5.38,2
10002834,Google Nexus 5,3,8,763.15,1
10002842,WD My Passport Ultra 2TB Portable External Hard,3,11,434.35,1
10002844,Speck Products Candyshell Flip Case,3,8,52.48,4
10002852,Ibico Standard Transparent Covers,2,9,27.46,NULL
10002853,O'Sullivan 5-Shelf Heavy-Duty Bookcases,1,1,122.91,1
10002854,"Performers Binder/Pad Holder, Black",2,9,72.87,NULL
10002855,Bevis Round Conference Table Top & Single Column,1,4,687.8,NULL
10002859,Ativa MDM8000 8-Sheet Micro-Cut Shredder,3,16,287.97,2
10002870,"Ampad Phone Message Book, Recycled, 400 Message",2,12,28.08,4
10002878,"Seth Thomas 14"" Day/Date Wall Clock""",1,6,93.03,1
10002880,"Global High-Back Leather Tilter, Burgundy",1,2,416.11,NULL
10002881,Martin Yale Chadless Opener Electric Letter Open,2,15,2498.43,3
10002890,AT&T 17929 Lendline Telephone,3,8,92.74,3
10002892,Belkin F5C206VTEL 6 Outlet Surge,2,10,91.92,3
10002893,"Wirebound Service Call Books, 5 1/2"" x 4""""""",2,12,26.62,3
10002903,"Bevis Round Bullnose 29"" High Table Top""",1,4,902.49,4
10002906,Hoover Replacement Belt for Commercial Guardsman,2,10,1.99,5
10002916,"Rush Hierlooms Collection 1"" Thick Stackable Boo""",1,1,474.47,NULL
10002918,Eldon ClusterMat Chair Mat with Cordless Antista,1,6,231.99,5
10002922,ShoreTel ShorePhone IP 230 VoIP phone,3,8,811.15,NULL
10002926,Logitech Wireless Marathon Mouse M705,3,11,181.96,3
10002927,Canon imageCLASS MF7460 Monochrome Digital Laser,3,16,3991.98,NULL
10002931,"Avery Trapezoid Extra Heavy Duty 4"" Binders""",2,9,96.46,4
10002937,Canon Color ImageCLASS MF8580Cdw Wireless Laser,3,16,1007.98,NULL
10002942,WD My Passport Ultra 1TB Portable External Hard,3,11,200.1,1
10002947,Xerox 1923,2,12,20.04,2
10002949,Prestige Round Ring Binders,2,9,10.33,NULL
10002952,Stanley Contemporary Battery Pencil Sharpeners,2,7,80.1,1
10002954,Newell 3-Hole Punched Plastic Slotted Magazine H,2,9,6.58,2
10002956,Boston 16801 Nautilus Battery Pencil Sharpener,2,7,75.71,4
10002957,Sterilite Show Offs Storage Containers,2,5,19.53,3
10002958,"Bevis Oval Conference Table, Walnut",1,4,587.2,NULL
10002961,"Leather Task Chair, Black",1,2,104.63,4
10002963,"Master Caster Door Stop, Gray",1,6,2.03,3
10002965,Global Leather Highback Executive Chair with Pne,1,2,468.95,5
10002968,Xerox 1973,2,12,84.51,2
10002973,Ampad #10 Peel & Seel Holiday Envelopes,2,14,17.92,NULL
10002974,"Trav-L-File Heavy-Duty Shuttle II, Black",2,5,140.87,NULL
10002975,Staples,2,13,25.32,1
10002976,ACCOHIDE Binder by Acco,2,9,16.31,4
10002981,I.R.I.S IRISCard Anywhere 5 Card Scanner,3,16,350.97,1
10002982,Avery Self-Adhesive Photo Pockets for Polaroid P,2,9,20.88,NULL
10002983,Advantus SlideClip Paper Clips,2,13,14.66,5
10002987,Prismacolor Color Pencil Set,2,7,59.52,1
10002988,Ideal Clamps,2,13,7.23,1
10002998,Holmes 99% HEPA Air Purifier,2,10,60.65,3
10003002,Letter Slitter,2,15,5.04,4
10003007,"Premium Transparent Presentation Covers, No Patt",2,9,108.58,NULL
10003008,"Lesro Round Back Collection Coffee Table, End Ta",1,4,502.01,1
10003012,Nortel Meridian M3904 Professional Digital phone,3,8,415.77,4
10003016,"Adams ""While You Were Out"""" Message Pads""",2,12,12.56,NULL
10003021,Staples,2,13,6.95,NULL
10003022,Xerox 1992,2,12,14.35,3
10003023,Logitech G105 Gaming Keyboard,3,11,195.92,NULL
10003026,"Eldon Regeneration Recycled Desk Accessories, Bl",1,6,15.49,5
10003027,Imation 8GB Mini TravelDrive USB 2.0 Flash Drive,3,11,116.73,NULL
10003033,Plantronics CS510 - Over-the-Head monaural Wirel,3,11,1484.77,NULL
10003034,"O'Sullivan Elevations Bookcase, Cherry Finish",1,1,347.09,5
10003038,Kingston Digital DataTraveler 16GB USB 2.0,3,11,38.1,5
10003045,Prang Colored Pencils,2,7,9.88,NULL
10003055,"Blue String-Tie & Button Interoffice Envelopes,",2,14,113.94,NULL
10003056,Newell 341,2,7,14.55,3
10003057,Honeywell Enviracaire Portable HEPA Air Cleaner,2,10,963.79,NULL
10003058,Eldon Mobile Mega Data Cart  Mega Stackable  Add,2,5,94.6,2
10003059,Assorted Color Push Pins,2,13,3.62,5
10003061,"Global Leather Task Chair, Black",1,2,187.18,2
10003063,Micro Innovations USB RF Wireless Keyboard with,3,11,83.33,2
10003066,Wasp CCD Handheld Bar Code Reader,3,16,336.51,1
10003068,#6 3/4 Gummed Flap White Envelopes,2,14,7.92,NULL
10003077,Avery 500,2,3,29.24,NULL
10003087,Staples in misc. colors,2,7,8.9,NULL
10003091,GBC DocuBind TL200 Manual Binding Machine,2,9,851.12,NULL
10003092,Motorola L804,3,8,124.17,2
10003094,Self-Adhesive Ring Binder Labels,2,9,7.15,3
10003096,"Master Giant Foot Doorstop, Safety Yellow",1,6,26.56,3
10003112,Staples,2,13,22.72,1
10003116,Memorex Froggy Flash Drive 8 GB,3,11,54.67,3
10003121,Avery 506,2,3,24.78,3
10003123,Fellowes Bases and Tops For Staxonsteel/High-Sta,2,5,133.16,NULL
10003127,Easy-staple paper,2,12,38.69,4
10003129,Tops White Computer Printout Paper,2,12,163.03,1
10003133,Memorex Mini Travel Drive 4 GB USB 2.0 Flash Dri,3,11,13.62,3
10003142,"Master Big Foot Doorstop, Beige",1,6,20.59,3
10003148,Avery 51,2,3,19.53,NULL
10003156,50 Colored Long Pencils,2,7,30.48,3
10003158,Fluorescent Highlighters by Dixon,2,7,15.92,5
10003159,"Sauder Camden County Collection Libraries, Plank",1,1,220.99,4
10003160,Pastel Pink Envelopes,2,14,21.84,5
10003166,GBC Plasticlear Binding Covers,2,9,12.05,3
10003171,Plantronics Encore H101 Dual Earpieces Headset,3,8,89.9,1
10003172,Xerox 1996,2,12,19.44,3
10003174,Plantronics S12 Corded Telephone Headset System,3,11,371.87,NULL
10003177,Xerox 1999,2,12,13.82,3
10003179,Dixon Ticonderoga Core-Lock Colored Pencils,2,7,42.51,NULL
10003187,Anker Astro Mini 3000mAh Ultra-Compact Portable,3,8,41.98,NULL
10003194,"Eldon Expressions Desk Accessory, Wood Pencil Ho",1,6,29.59,5
10003196,Accohide Poly Flexible Ring Binders,2,9,11.22,NULL
10003198,Enermax Acrylux Wireless Keyboard,3,11,408.36,1
10003199,Office Star - Contemporary Task Swivel Chair,1,2,362.53,4
10003208,Adjustable Depth Letter/Legal Cart,2,5,739.44,5
10003215,Jackery Bar Premium Fast-charging Portable Charg,3,8,95.84,NULL
10003221,Staple magnet,2,5,21.36,5
10003223,Avery 508,2,3,17.02,2
10003228,Xerox 1917,2,12,317.91,4
10003236,Canon Image Class D660 Copier,3,17,2999.95,2
10003237,Memorex Micro Travel Drive 4 GB,3,11,50.88,NULL
10003238,"Chromcraft Bull-Nose Wood 48"" x 96"""" Rectangular""",1,4,495.88,3
10003246,Hewlett-Packard Deskjet D4360 Printer,3,16,447.97,2
10003247,36X48 HARDFLOOR CHAIRMAT,1,6,41.96,NULL
10003251,Prang Drawing Pencil Set,2,7,8.71,2
10003256,Avery Personal Creations Heavyweight Cards,2,12,46.16,NULL
10003266,"Holmes Replacement Filter for HEPA Air Cleaner,",2,10,23.7,NULL
10003268,Eldon Radial Chair Mat for Low to Medium Pile Ca,1,6,63.97,1
10003270,Xerox 1954,2,12,24.64,5
10003272,O'Sullivan Living Dimensions 5-Shelf Bookcases,1,1,453.74,NULL
10003273,AT&T TR1909W,3,8,478.76,1
10003280,Belkin F8E887 USB Wired Ergonomic Keyboard,3,11,63.97,3
10003281,Acco 6 Outlet Guardian Standard Surge Suppressor,2,10,30.22,5
10003282,"Advantus 10-Drawer Portable Organizer, Chrome Me",2,5,286.85,NULL
10003286,Staple envelope,2,14,41.4,NULL
10003287,Tripp Lite TLP810NET Broadband Surge for Modem/F,2,10,101.94,5
10003289,Anker Ultra-Slim Mini Bluetooth 3.0 Wireless Key,3,11,62.63,4
10003291,Wilson Jones Leather-Like Binders with DublLock,2,9,13.64,4
10003296,Tyvek Side-Opening Peel & Seel Expanding Envelop,2,14,271.44,3
10003298,Office Star - Contemporary Task Swivel chair wit,1,2,471.53,NULL
10003305,Avery Hanging File Binders,2,9,11.95,4
10003306,Letter Size Cart,2,5,554.29,1
10003309,Xerox 211,2,12,22.03,4
10003312,Hon 2090 “Pillow Soft” Series Mid Back Swivel/Ti,1,2,966.57,NULL
10003314,Tuff Stuff Recycled Round Ring Binders,2,9,7.95,5
10003324,Belkin OmniView SE Rackmount Kit,2,5,212.88,NULL
10003327,Akro-Mils 12-Gallon Tote,2,5,26.81,NULL
10003338,"Eberhard Faber 3 1/2"" Golf Pencils""",2,7,10.41,5
10003347,Coloredge Poster Frame,1,6,35.5,NULL
10003349,Xerox 1957,2,12,18.14,4
10003350,Acco Expandable Hanging Binders,2,9,10.21,NULL
10003353,Xerox WorkCentre 6505DN Laser Multifunction Prin,3,16,2519.96,2
10003355,Cardinal Holdit Business Card Pockets,2,9,11.2,1
10003357,Grandstream GXP2100 Mainstream Business Phone,3,8,53.54,NULL
10003363,Xerox 204,2,12,38.88,4
10003364,Binding Machine Supplies,2,9,74.87,NULL
10003373,"Boston School Pro Electric Pencil Sharpener, 167",2,7,141.27,NULL
10003379,Global Commerce Series High-Back Swivel/Tilt Cha,1,2,1030.67,3
10003388,Avery 5,2,3,5.76,3
10003392,Global Adaptabilities Conference Tables,1,4,842.94,5
10003395,Xerox 1941,2,12,440.37,NULL
10003396,Global Deluxe Steno Chair,1,2,171.28,5
10003399,Memorex Mini Travel Drive 64 GB USB 2.0 Flash Dr,3,11,36.24,3
10003404,"Global Adaptabilites Bookcase, Cherry/Storm Gray",1,1,1292.94,NULL
10003405,"Dixon My First Ticonderoga Pencil, #2",2,7,20.28,4
10003424,Nu-Dell Oak Frame,1,6,25.63,3
10003429,"Cardinal HOLDit! Binder Insert Strips,Extra Stri",2,9,12.66,1
10003437,Blue Parrot B250XT Professional Grade Wireless B,3,8,254.96,1
10003447,Micropad Numeric Keypads,3,11,45.97,NULL
10003450,"Bush Westfield Collection Bookcases, Dark Cherry",1,1,121.76,3
10003455,"Tenex File Box, Personal Filing Tote with Lid, B",2,5,49.63,NULL
10003460,Acco 3-Hole Punch,2,9,14.01,1
10003464,"Seth Thomas 8 1/2"" Cubicle Clock""",1,6,48.67,1
10003465,Xerox 1912,2,12,54.38,3
10003467,"Alliance Big Bands Rubber Bands, 12/Pack",2,13,3.96,2
10003470,"Tennsco Snap-Together Open Shelving Units, Start",2,5,1117.92,1
10003472,Bagged Rubber Bands,2,13,6.3,1
10003473,Bretford Rectangular Conference Table Tops,1,4,1402.96,NULL
10003476,Avery Metallic Poly Binders,2,9,30.56,3
10003478,Avery Hi-Liter EverBold Pen Style Fluorescent Hi,2,7,36.63,5
10003479,"Eldon Base for stackable storage shelf, platinum",2,5,93.45,3
10003481,Newell 348,2,7,6.56,1
10003484,Ooma Telo VoIP Home Phone System,3,8,394.76,1
10003485,Staples,2,13,18.86,NULL
10003495,Staples,2,13,28.27,4
10003499,Memorex Mini Travel Drive 8 GB USB 2.0 Flash Dri,3,11,46.32,5
10003504,Newell 347,2,7,12.84,NULL
10003510,Avery 4027 File Folder Labels for Dot Matrix Pri,2,3,141.45,2
10003514,4009 Highlighters by Sanford,2,7,20.46,5
10003527,Fellowes PB500 Electric Punch Plastic Comb Bindi,2,9,2711.44,NULL
10003529,Avery Round Ring Poly Binders,2,9,6.15,2
10003537,Avery 515,2,3,25.06,NULL
10003543,Xerox 1985,2,12,12.96,3
10003546,Hon 4-Shelf Metal Bookcases,1,1,302.94,1
10003553,"Howard Miller 13-1/2"" Diameter Rosebrook Wall Cl""",1,6,155.87,4
10003555,Motorola HK250 Universal Bluetooth Headset,3,8,114.95,4
10003560,Zebra Zazzle Fluorescent Highlighters,2,7,15.5,NULL
10003569,Bretford CR8500 Series Meeting Room Furniture,1,4,852.08,4
10003577,Nu-Dell Leatherette Frames,1,6,101.81,NULL
10003580,Cisco IP Phone 7961G-GE VoIP phone,3,8,1212.85,4
10003582,"Boston Electric Pencil Sharpener, Model 1818, Ch",2,7,80.22,NULL
10003589,invisibleSHIELD by ZAGG Smudge-Free Screen Prote,3,8,49.17,2
10003591,Southworth 100% Cotton The Best Paper,2,12,34.44,3
10003602,"Quartet Omega Colored Chalk, 12/Pack",2,7,10.51,NULL
10003606,SAFCO Folding Chair Trolley,1,2,102.59,NULL
10003610,Logitech Illuminated - Keyboard,3,11,149.97,4
10003614,Verbatim 25 GB 6x Blu-ray Single Layer Recordabl,3,11,23.18,1
10003622,"Bravo II Megaboss 12-Amp Hard Body Upright, Repl",2,10,10.4,5
10003623,"DataProducts Ampli Magnifier Task Lamp, Black,",1,6,54.12,5
10003625,Xerox 1979,2,12,154.9,NULL
10003626,Hewlett-Packard Deskjet 6540 Color Inkjet Printe,3,16,821.3,5
10003628,Logitech 910-002974 M325 Wireless Mouse for Web,3,11,101.96,3
10003631,Staples in misc. colors,2,7,14.52,4
10003641,Xerox 1909,2,12,79.14,5
10003645,Aastra 57i VoIP phone,3,8,597.95,4
10003650,GBC DocuBind 300 Electric Binding Machine,2,9,710.07,NULL
10003660,"Bush Cubix Collection Bookcases, Fully Assembled",1,1,220.98,5
10003663,Avery 498,2,3,13,2
10003664,"Electrix Architect's Clamp-On Swing Arm Lamp, Bl",1,6,350.02,NULL
10003669,3M Organizer Strips,2,9,14.31,3
10003673,Strathmore Photo Mount Cards,2,12,21.69,4
10003674,Hewlett-Packard Deskjet 5550 Printer,3,16,597.13,5
10003676,"GBC Standard Recycled Report Covers, Clear Plast",2,9,10.51,2
10003684,Wilson Jones Legal Size Ring Binders,2,9,105.55,NULL
10003692,Recycled Steel Personal File for Hanging File Fo,2,5,133.53,5
10003696,Panasonic KP-350BK Electric Pencil Sharpener wit,2,7,34.58,5
10003707,Aluminum Screw Posts,2,9,38.45,1
10003709,Maxell 4.7GB DVD-R 5/Pack,3,11,4.35,2
10003712,"Acco Pressboard Covers with Storage Hooks, 14 7/",2,9,11.17,NULL
10003714,Avery 510,2,3,4.87,5
10003715,Hon 2111 Invitation Series Corner Table,1,4,1004.98,4
10003716,Tennsco Double-Tier Lockers,2,5,862.57,1
10003718,GBC Therma-A-Bind 250T Electric Binding System,2,9,590.35,1
10003719,Large Capacity Hanging Post Binders,2,9,69.03,2
10003720,Avery 487,2,3,11.07,NULL
10003722,Project Tote Personal File,2,5,59.86,5
10003723,Avery Hi-Liter Fluorescent Desk Style Markers,2,7,3.38,NULL
10003729,Xerox 1998,2,12,36.29,NULL
10003731,Eldon Expressions Wood and Plastic Desk Accessor,1,6,39.92,1
10003732,Newell 333,2,7,9.54,2
10003739,Xerox 1969,2,12,11.56,5
10003746,Hon 4070 Series Pagoda Round Back Stacking Chair,1,2,658.01,2
10003748,Bevis 36 x 72 Conference Tables,1,4,643.2,3
10003752,Deluxe Chalkboard Eraser Cleaner,2,7,39.27,4
10003759,"Crayola Anti Dust Chalk, 12/Pack",2,7,9.17,NULL
10003761,Global Italian Leather Office Chair,1,2,484.62,4
10003763,Canon PC1060 Personal Laser Copier,3,17,1959.97,2
10003766,Self-Adhesive Removable Labels,2,3,16.8,4
10003770,Newell 340,2,7,17.28,NULL
10003772,Boston 16750 Black Compact Battery Pencil Sharpe,2,7,21.87,5
10003773,Eldon Cleatmat Plus Chair Mats for High Pile Car,1,6,214.7,NULL
10003774,"Global Wood Trimmed Manager's Task Chair, Khaki",1,2,287.49,NULL
10003779,Kensington 7 Outlet MasterPiece Power Center wit,2,10,435.71,2
10003784,Computer Printout Index Tabs,2,9,4.03,3
10003790,Xerox 1991,2,12,85.27,NULL
10003799,"Seth Thomas 13 1/2"" Wall Clock""",1,6,53.34,NULL
10003800,i.Sound Portable Power - 8000 mAh,3,8,82.13,4
10003805,"24 Capacity Maxi Data Binder Racks, Pearl",2,5,1305.41,NULL
10003816,Fellowes High-Stak Drawer Files,2,5,493.33,1
10003817,"Global Value Steno Chair, Gray",1,2,237.89,3
10003823,Xerox 197,2,12,223.06,4
10003833,Novimex Fabric Task Chair,1,2,225.62,3
10003837,Anderson Hickey Conga Table Tops & Accessories,1,4,25.89,3
10003842,Euro-Pro Shark Turbo Vacuum,2,10,114.62,NULL
10003846,Hon Valutask Swivel Chairs,1,2,323.13,NULL
10003848,Xerox 1997,2,12,20.09,2
10003856,Newell 344,2,7,6.95,4
10003860,Fellowes Advanced 8 Outlet Surge Suppressor with,2,10,66.62,3
10003862,Laser & Ink Jet Business Envelopes,2,14,35.21,1
10003875,KLD Oscar II Style Snap-on Ultra Thin Side Flip,3,8,48.6,1
10003876,"Green Canvas Binder for 8-1/2"" x 14"""" Sheets""",2,9,149.8,5
10003883,"Message Book, Phone, Wirebound Standard Line Mem",2,12,24.01,2
10003884,"Fellowes Smart Surge Ten-Outlet Protector, Plati",2,10,180.66,2
10003885,Cisco SPA508G,3,8,145.17,5
10003892,Xerox 1943,2,12,195.64,2
10003894,"Safco Value Mate Steel Bookcase, Baked Enamel Fi",1,1,482.66,3
10003903,Sanford 52201 APSCO Electric Pencil Sharpener,2,7,163.88,2
10003910,DXL Angle-View Binders with Locking Rings by Sam,2,9,22.13,NULL
10003911,NETGEAR AC1750 Dual Band Gigabit Smart WiFi Rout,3,11,554.63,4
10003914,Sanitaire Vibra Groomer IR Commercial Upright Va,2,10,13,5
10003923,Alphabetical Labels for Top Tab Filing,2,3,49.33,2
10003925,Fellowes PB300 Plastic Comb Binding Machine,2,9,1345.03,NULL
10003931,JBL Micro Wireless Portable Bluetooth Speaker,3,8,127.17,1
10003936,Xerox 1994,2,12,25.92,5
10003953,Xerox 218,2,12,9.07,1
10003954,Hon 94000 Series Round Tables,1,4,1599.37,5
10003956,Novimex High-Tech Fabric Mesh Task Chair,1,2,156.15,1
10003958,Newell 337,2,7,5.25,2
10003965,O'Sullivan Manor Hill 2-Door Library in Brianna,1,1,276.9,2
10003966,"Sauder Facets Collection Library, Sky Alder Fini",1,1,324.86,4
10003968,Novimex Turbo Task Chair,1,2,319.41,2
10003973,GuestStacker Chair with Chrome Finish Legs,1,2,966.57,2
10003975,Eldon Advantage Chair Mats for Low to Medium Pil,1,6,108.27,1
10003976,"DAX Executive Solid Wood Document Frame, Desktop",1,6,44.45,NULL
10003979,Ativa V4110MDD Micro-Cut Shredder,3,16,4899.93,2
10003982,Wilson Jones Century Plastic Molded Ring Binders,2,9,58.15,NULL
10003984,Lock-Up Easel 'Spel-Binder',2,9,78.45,5
10003988,"LF Elite 3D Dazzle Designer Hard Case Cover, Lf",3,8,24.52,5
10003996,"Letter/Legal File Tote with Clear Snap-On Lid, B",2,5,80.3,4
10004000,"While You Were Out Pads, 50 per Pad, 4 x 5 1/4,",2,12,12.53,4
10004006,"Deflect-o DuraMat Lighweight, Studded, Beveled M",1,6,96.67,2
10004007,Park Ridge Embossed Executive Business Envelopes,2,14,62.28,3
10004008,Avery 507,2,3,12.09,NULL
10004015,"Bush Andora Bookcase, Maple/Graphite Gray Finish",1,1,382.76,2
10004018,Tensor Computer Mounted Lamp,1,6,74.45,3
10004020,Advantus Panel Wall Acrylic Frame,1,6,17.5,4
10004027,Binney & Smith inkTank Erasable Desk Highlighter,2,7,6.05,3
10004030,Convenience Packs of Business Envelopes,2,14,8.83,1
10004036,Bionaire 99.97% HEPA Air Cleaner,2,10,66.57,5
10004039,Xerox 1882,2,12,89.57,3
10004041,"It's Hot Message Books with Stickers, 2 3/4"" x 5""",2,12,25.53,NULL
10004052,Hoover Replacement Belts For Soft Guard & Commer,2,10,7.9,5
10004053,DAX Two-Tone Silver Metal Document Frame,1,6,60.72,NULL
10004055,Color-Coded Legal Exhibit Labels,2,3,9.82,NULL
10004062,Staples in misc. colors,2,7,62.88,5
10004063,Global Deluxe High-Back Manager's Chair,1,2,1019.99,NULL
10004076,Translucent Push Pins by OIC,2,13,3.96,NULL
10004078,Newell 312,2,7,22.89,NULL
10004082,Adams Telephone Message Book w/Frequently-Called,2,12,43.89,5
10004090,"Executive Impressions 14"" Contract Wall Clock""",1,6,42.97,3
10004092,Tops Green Bar Computer Printout Paper,2,12,114.19,4
10004094,GBC Standard Plastic Binding Systems Combs,2,9,13.27,4
10004100,Xerox 216,2,12,28.51,2
10004101,Xerox 1894,2,12,24.62,3
10004114,KeyTronic 6101 Series - Keyboard - Black,3,11,180.35,2
10004120,AT&T 1080 Phone,3,8,739.74,3
10004123,Safco Industrial Wire Shelving System,2,5,389.39,2
10004125,Cubify CubeX 3D Printer Triple Head Print,3,16,7999.98,2
10004127,SanDisk Cruzer 8 GB USB Flash Drive,3,11,27.17,NULL
10004139,Fellowes Presentation Covers for Comb Binding Ma,2,9,17.46,3
10004140,Avery Non-Stick Binders,2,9,6.39,4
10004141,Insertable Tab Indexes For Data Binders,2,9,1.59,NULL
10004145,Logitech diNovo Edge Keyboard,3,11,1287.44,NULL
10004152,"Barricks 18"" x 48"""" Non-Folding Utility Table wit""",1,4,268.8,NULL
10004154,"Riverside Furniture Oval Coffee Table, Oval End",1,4,1204.77,1
10004156,Xerox 188,2,12,24.95,5
10004164,"Eldon 300 Class Desk Accessories, Black",1,6,4.95,1
10004171,Razer Kraken 7.1 Surround Sound Over Ear USB Gam,3,11,99.99,5
10004175,"Hon 30"" x 60"""" Table with Locking Drawer""",1,4,432.01,NULL
10004180,Safco Commercial Shelving,2,5,52.71,4
10004182,Economy Binders,2,9,8.87,5
10004186,"Stur-D-Stor Shelving, Vertical 5-Shelf: 72""H x 3""",2,5,665.88,4
10004187,3-ring staple pack,2,9,6.31,NULL
10004202,Brother DCP1000 Digital 3 in 1 Multifunction Mac,3,17,659.97,NULL
10004206,Multimedia Mailers,2,14,325.86,2
10004212,Cisco SPA525G2 5-Line IP Phone,3,16,1379.92,NULL
10004224,Catalog Binders with Expanding Posts,2,9,121.1,4
10004227,SanDisk Ultra 16 GB MicroSDHC Class 10 Memory Ca,3,11,47.63,5
10004230,GBC Recycled Grain Textured Covers,2,9,44.9,3
10004231,Acme Tagit Stainless Steel Antibacterial Scissor,2,15,28.38,2
10004236,"XtraLife ClearVue Slant-D Ring Binder, White, 3""""",2,9,43.3,1
10004239,Xerox 1953,2,12,16.26,NULL
10004241,Star Micronics TSP800 TSP847IIU Receipt Printer,3,16,686.32,NULL
10004243,Xerox 1939,2,12,63.23,3
10004249,Staple holder,2,10,51.87,NULL
10004255,Xerox 219,2,12,25.92,1
10004256,Bretford “Just In Time” Height-Adjustable Multi-,1,4,1669.6,1
10004258,Portable Personal File Box,2,5,36.63,1
10004260,Boston 1799 Powerhouse Electric Pencil Sharpener,2,7,181.86,2
10004269,Newell 31,2,7,14.45,2
10004285,Xerox 1959,2,12,31.17,5
10004287,SAFCO Arco Folding Chair,1,2,962.75,NULL
10004306,Electrix Halogen Magnifier Lamp,1,6,417.74,NULL
10004318,Ibico EB-19 Dual Function Manual Binding System,2,9,691.96,1
10004327,Xerox 1911,2,12,111.76,3
10004330,"GBC Velobind Prepunched Cover Sets, Regency Seri",2,9,77.65,4
10004336,Conquest 14 Commercial Heavy-Duty Upright Vacuum,2,10,144.3,NULL
10004337,"SAFCO Commercial Wire Shelving, 72h",2,5,254.14,NULL
10004340,"Fellowes Mobile File Cart, Black",2,5,278.56,1
10004344,Bulldog Vacuum Base Pencil Sharpener,2,7,61.74,5
10004348,OtterBox Defender Series Case - iPhone 5c,3,8,88.75,NULL
10004351,Staple-based wall hangings,1,6,44.8,3
10004352,Wilson Jones DublLock D-Ring Binders,2,9,17.89,3
10004355,Xerox 231,2,12,15.98,4
10004357,O'Sullivan Living Dimensions 3-Shelf Bookcases,1,1,1406.86,5
10004359,Multicolor Computer Printout Paper,2,12,366.97,2
10004360,Rush Hierlooms Collection Rich Wood Bookcases,1,1,160.98,NULL
10004364,Storex Dura Pro Binders,2,9,10.54,4
10004381,14-7/8 x 11 Blue Bar Computer Printout Paper,2,12,102.48,2
10004386,Recycled Interoffice Envelopes with String and B,2,14,52.78,NULL
10004389,Nokia Lumia 925,3,8,377.97,4
10004390,GBC DocuBind 200 Manual Binding Machine,2,9,589.37,2
10004395,Plymouth Boxed Rubber Bands by Plymouth,2,13,14.75,2
10004396,Logitech Keyboard K120,3,11,58.08,NULL
10004405,Rediform Voice Mail Log Books,2,12,14.3,NULL
10004410,"C-Line Peel & Stick Add-On Filing Pockets, 8-3/4",2,9,18.47,2
10004415,"Stacking Tray, Side-Loading, Legal, Smoke",1,6,11.64,5
10004425,Staple-on labels,2,3,11.7,1
10004434,Cisco IP Phone 7961G VoIP phone - Dark gray,3,8,978.84,4
10004438,Xerox 1907,2,12,49.12,2
10004441,BIC Brite Liner Highlighters,2,7,13.04,2
10004442,Riverside Furniture Stanwyck Manor Table Series,1,4,344.22,3
10004447,Toshiba IPT2010-SD IP Telephone,3,8,444.76,1
10004451,Xerox 222,2,12,17.06,3
10004456,Panasonic KP-4ABK Battery-Operated Pencil Sharpe,2,7,73.2,NULL
10004458,Lexmark X 9575 Professional All-in-One Color Pri,3,16,396,NULL
10004460,"Howard Miller 12"" Round Wall Clock""",1,6,239.67,2
10004465,Avery Durable Slant Ring Binders,2,9,8.97,5
10004467,Bestar Classic Bookcase,1,1,294.97,NULL
10004469,Microsoft Sculpt Comfort Mouse,3,11,167.79,3
10004470,"Adams Write n' Stick Phone Message Book, 11"" X 5""",2,12,13.63,3
10004475,Xerox 1940,2,12,146.56,NULL
10004477,"Global Push Button Manager's Chair, Indigo",1,2,230.16,NULL
10004483,"#10 White Business Envelopes,4 1/8 x 9 1/2",2,14,51.71,NULL
10004484,Avery 476,2,3,13.21,2
10004487,Kensington 4 Outlet MasterPiece Compact Power Co,2,10,390.33,2
10004492,Tuf-Vin Binders,2,9,63.16,1
10004495,"Global Leather and Oak Executive Chair, Black",1,2,1003.26,2
10004498,Martin-Yale Premier Letter Opener,2,15,38.12,3
10004506,Wilson Jones data.warehouse D-Ring Binders with,2,9,19.75,5
10004507,Advantus Rolling Storage Box,2,5,42.87,1
10004510,Logitech Desktop MK120 Mouse and keyboard Combo,3,11,64.13,1
10004511,"Sanford Colorific Scented Colored Pencils, 12/Pa",2,7,23.54,2
10004521,Epson Perfection V600 Photo Scanner,3,16,206.99,3
10004528,Cardinal Poly Pocket Divider Pockets for Ring Bi,2,9,10.75,1
10004530,Personal Creations Ink Jet Cards and Labels,2,12,99.49,NULL
10004532,Kensington 6 Outlet Guardian Standard Surge Prot,2,10,68.26,3
10004534,Bevis 44 x 96 Conference Tables,1,4,650.64,NULL
10004536,Avaya 5420 Digital phone,3,8,512.96,NULL
10004539,Wireless Extenders zBoost YX545 SOHO Signal Boos,3,8,888.25,1
10004544,Avery 505,2,3,51.06,1
10004545,Avery 50,2,3,62.65,5
10004559,Avery 49,2,3,20.16,3
10004568,Maxell LTO Ultrium - 800 GB,3,11,172.13,3
10004569,"Wirebound Message Books, Two 4 1/4"" x 5"""" Forms p""",2,12,15.98,1
10004571,Logitech G700s Rechargeable Gaming Mouse,3,11,315.96,2
10004575,Hon 5100 Series Wood Tables,1,4,649.85,3
10004582,BIC Brite Liner Grip Highlighters,2,7,5.24,NULL
10004584,GBC ProClick 150 Presentation Binding System,2,9,221.18,NULL
10004593,Ibico Laser Imprintable Binding System Covers,2,9,123.66,NULL
10004597,Eldon Cleatmat Chair Mats for Medium Pile Carpet,1,6,44.4,4
10004600,Ibico Ibimaster 300 Manual Binding System,2,9,1113.17,4
10004602,Boston KS Multi-Size Manual Pencil Sharpener,2,7,80.46,NULL
10004607,Hon 2111 Invitation Series Straight Table,1,4,258.7,NULL
10004609,Xerox 221,2,12,20.74,1
10004610,Xerox 1900,2,12,10.27,2
10004614,AT&T 841000 Phone,3,8,189.75,4
10004619,Hon Non-Folding Utility Tables,1,4,661.14,1
10004621,Xerox 212,2,12,14.25,NULL
10004622,Eldon Advantage Foldable Chair Mats for Low Pile,1,6,135.5,3
10004633,Verbatim 25 GB 6x Blu-ray Single Layer Recordabl,3,11,27.96,2
10004634,"Personal Folder Holder, Ebony",2,5,26.15,2
10004648,Boston 19500 Mighty Mite Electric Pencil Sharpen,2,7,85.63,1
10004655,Holmes Visible Mist Ultrasonic Humidifier with 2,2,10,2.26,NULL
10004656,Peel & Stick Add-On Corner Pockets,2,9,6.22,NULL
10004659,Imation Secure+ Hardware Encrypted USB 2.0 Flash,3,11,321.15,NULL
10004664,Acme Softgrip Scissors,2,15,45.58,NULL
10004667,Cisco 8x8 Inc. 6753i IP Business Phone System,3,8,580.46,4
10004671,"Executive Impressions 12"" Wall Clock""",1,6,28.27,NULL
10004679,StarTech.com 10/100 VDSL2 Ethernet Extender Kit,3,16,399.54,4
10004685,"Binney & Smith Crayola Metallic Colored Pencils,",2,7,12.96,NULL
10004689,Avery 512,2,3,16.47,3
10004690,O'Sullivan Cherrywood Estates Traditional Barris,1,1,384.94,4
10004691,Boston 1730 StandUp Electric Pencil Sharpener,2,7,64.14,2
10004695,O'Sullivan 2-Door Barrister Bookcase in Odessa P,1,1,755.59,1
10004698,"Padded Folding Chairs, Black, 4/Carton",1,2,283.43,1
10004700,PowerGen Dual USB Car Charger,3,8,39.96,3
10004709,"Bush Westfield Collection Bookcases, Medium Cher",1,1,123.61,3
10004712,"Westinghouse Mesh Shade Clip-On Gooseneck Lamp,",1,6,56.56,1
10004716,Wilson Jones Hanging Recycled Pressboard Data Bi,2,9,8.9,1
10004722,Canon imageCLASS 2200 Advanced Copier,3,17,10849.97,3
10004728,Wilson Jones Turn Tabs Binder Tool for Ring Bind,2,9,15.13,NULL
10004733,Things To Do Today Spiral Book,2,12,22.17,3
10004734,Southworth Structures Collection,2,12,50.96,NULL
10004735,Xerox 1905,2,12,27.86,NULL
10004738,Flexible Leather- Look Classic Collection Ring B,2,9,24.62,NULL
10004748,"Howard Miller 16"" Diameter Gallery Wall Clock""",1,6,191.82,4
10004752,Blackstonian Pencils,2,7,5.87,NULL
10004754,"Global Stack Chair with Arms, Black",1,2,62.96,1
10004757,Crayola Colored Pencils,2,7,9.83,NULL
10004761,Maxell 4.7GB DVD+RW 3/Pack,3,11,31.86,3
10004767,Safco Drafting Table,1,4,85.17,NULL
10004768,Acme Kleencut Forged Steel Scissors,2,15,9.18,1
10004773,Staple envelope,2,14,61.96,5
10004774,Gear Head AU3700S Headset,3,8,81.83,NULL
10004781,GBC Wire Binding Strips,2,9,50.78,NULL
10004785,"Holmes Replacement Filter for HEPA Air Cleaner,",2,10,45.32,1
10004790,Staples in misc. colors,2,7,28.73,NULL
10004814,Logitech Illuminated Ultrathin Keyboard with Bac,3,11,170.97,1
10004826,JM Magazine Binder,2,9,39.62,1
10004828,GBC Poly Designer Binding Covers,2,9,22.6,5
10004830,Pyle PRT45 Retro Home Telephone,3,8,201.57,2
10004833,Macally Suction Cup Mount,3,8,96.79,2
10004834,"Riverside Palais Royal Lawyers Bookcase, Royale",1,1,2739.85,NULL
10004835,Plastic Stacking Crates & Casters,2,5,8.93,NULL
10004838,"Super Bands, 12/Pack",2,13,8,NULL
10004845,"Deflect-o EconoMat Nonstudded, No Bevel Mat",1,6,464.85,NULL
10004846,Letter or Legal Size Expandable Poly String Tie,2,14,9.04,2
10004854,"Vinyl Coated Wire Paper Clips in Organizer Box,",2,13,39.49,3
10004855,V7 USB Numeric Keypad,3,11,83.98,3
10004860,Global Low Back Tilter Chair,1,2,153.99,1
10004868,Hoover Commercial Soft Guard Upright Vacuum And,2,10,26.41,NULL
10004876,Wilson Jones Suede Grain Vinyl Binders,2,9,2.5,4
10004877,Imation 30456 USB Flash Drive 8GB,3,11,82.8,2
10004886,Bevis Steel Folding Chairs,1,2,268.66,NULL
10004888,Xerox 217,2,12,14.9,NULL
10004896,Nokia Lumia 521 (T-Mobile),3,8,103.16,5
10004897,Mediabridge Sport Armband iPhone 5s,3,8,43.45,5
10004901,Kensington SlimBlade Notebook Wireless Mouse wit,3,11,214.95,1
10004904,"Eldon ""L"""" Workstation Diamond Chairmat""",1,6,258.33,3
10004908,Panasonic KX TS3282W Corded phone,3,8,84.99,NULL
10004909,Contemporary Wood/Metal Frame,1,6,29.08,3
10004911,"Rediform S.O.S. 1-Up Phone Message Bk, 4-1/4x3-1",2,12,46.9,NULL
10004912,Cisco SPA112 2 Port Phone Adapter,3,8,219.8,4
10004915,"Office Impressions End Table, 20-1/2""H x 24""""W x""",1,4,1518.8,2
10004922,RCA Visys Integrated PBX 8-Line Router,3,8,160.78,4
10004924,"SKILCRAFT Telephone Shoulder Rest, 2"" x 6.5"""" x 2""",3,8,13.3,3
10004930,Turquoise Lead Holder with Pocket Clip,2,7,15.41,4
10004947,Easy-staple paper,2,12,10.27,1
10004948,Xerox 190,2,12,24.9,2
10004952,C-Line Cubicle Keepers Polyproplyene Holder w/Ve,1,6,109.48,2
10004955,Fashion Color Clasp Envelopes,2,14,25.96,4
10004956,Newell 33,2,7,15.62,4
10004959,Classic Ivory Antique Telephone ZL1810,3,8,170.83,1
10004960,"Seth Thomas 12"" Clock w/ Goldtone Case""",1,6,130.22,2
10004967,Round Ring Binders,2,9,2.77,2
10004968,Rubber Band Ball,2,13,17.45,NULL
10004970,"ACCOHIDE 3-Ring Binder, Blue, 1""""",2,9,11.15,NULL
10004971,Xerox 196,2,12,12.02,3
10004973,Flat Face Poster Frame,1,6,43.71,3
10004974,Newell 342,2,7,9.84,NULL
10004975,Plantronics Audio 995 Wireless Stereo Headset,3,11,271.21,NULL
10004977,GE 30524EE4,3,8,731.69,2
10004980,3M Replacement Filter for Office Air Cleaner for,2,10,60.67,2
10004995,GBC DocuBind P400 Electric Binding System,2,9,2359.05,1
10004996,"Speediset Carbonless Redi-Letter 7"" x 8 1/2""""""",2,12,16.5,2
10004997,Hon Every-Day Series Multi-Task Chairs,1,2,615.63,1
10004999,Newell 315,2,7,32.69,NULL
